site,practice,grazing,Year ,GrainC1,LeafC1,StemC1,RootC1,GrainC2,LeafC2,StemC2,RootC2,GrainC3,LeafC3,StemC3,RootC3,%SOC_10cm,SOC 10-20cm,%SOC_30cm,%SOC_40cm,%SOC_50cm,kgSOC_10cm,kgSOC_20cm,kgSOC_30cm,kgSOC_40cm,kgSOC_50cm,IniSOC     ,End_SOC    ,dSOC       ,GWP,CO2_GWP,CH4_GWP,N2O_GWP,ShootLitterC_input,RootLitterC_input,ManureC_input,RootExudation_DOC,Soil-CO2,Leach_C    ,Runoff_C   ,CH4,IniSON     ,IniSIN     ,EndSON     ,EndSIN     ,dSN        ,Atmo_N_input,Fertilizer_N_input,Manure_N_input,Litter_N_input,N_fixation ,Crop_N_uptake,Leach_NO3,Runoff_SON ,Leach_DON  ,N2O_flux,NO_flux    ,N2_flux,NH3_flux,exchengeable-NH4,PET        ,Transpiration,Evaporation,WaterLeach ,Runoff     ,Irrigation ,Precipitation,DeepWater  ,MeanT      ,WindSpeed  ,ColdStress ,WaterStress,N_Stress   ,Cut_CropC  ,yr_end_grain,yr_end_leaf,yr_end_stem,yr_end_root,yr_end_stub
sd,regen,none,1,0,786.13,786.13,373.41,0,110.87,110.87,3104.23,0,543.26,543.26,434.61,0.0138,0.0076,0.0022,0.0006,0.0002,15820.51,8692.97,2525.72,745.57,279.34,27021.44,28064.12,1042.68,-2687.712822,-3816.290677,0,1128.577855,680.34,384.62,314,488.38,824.62,0.04,0,0,2677.82,1.21,2697.6,3.12,21.69,0,0,20.93,24.65,59.05,65.39,0.12,0,0,2.71,0.01,4.02,2.98,2.17,1288.64,255.1,316.44,0,0,0,539.8,0.06,14.35,2,1.01,0.11,0.64,0,106.02,447.18,447.18,3629.49,1570.69
sd,regen,none,2,0,661.32,82.67,2314.63,0,127.51,892.6,714.08,0,191.04,125.54,136.46,0.0141,0.0075,0.0022,0.0006,0.0002,16186.5,8637.83,2511.81,740.37,281.03,28064.12,28357.54,293.42,-1061.446759,-1073.940241,0,12.49348178,1496.24,43.98,0,1279.68,2526.36,0.1,0,0,2697.6,3.12,2723.33,3.16,25.77,0,0,0,33.79,57.01,62.07,0.02,0,0,0.03,0,0.07,1.39,2.27,1288.8,146.43,261.6,0,0,0,539.8,0.06,14.35,2,1,0.13,0.6,0,249.61,1242.94,856.59,6609.54,1090.17
sd,regen,none,3,0,673.18,84.15,2356.14,0,135.24,946.7,757.36,0,202.4,133.01,144.57,0.0143,0.0075,0.0022,0.0006,0.0002,16442.33,8585.25,2500.19,738.28,282.59,28357.54,28548.64,191.1,-691.1120183,-699.4410062,0,8.328987855,1392.19,74.75,0,2044.19,3319.91,0.11,0,0,2723.33,3.16,2745.43,3.25,22.2,0,0,0,38.62,58.22,64.39,0.03,0,0,0.02,0,0.06,2.12,2.27,1288.36,155.38,273.93,0,0,0,539.8,0.06,14.35,2,1,0.13,0.6,0,397.69,2204.68,1165.12,9499.13,756.65
sd,regen,none,4,0,686.18,85.77,2401.64,0,130.84,915.91,732.73,0,306.54,201.44,218.96,0.0146,0.0074,0.0022,0.0006,0.0002,16754.94,8537.55,2489.29,736.4,283.57,28548.64,28801.76,253.12,-193.4881446,-926.4390763,0,732.9509317,1289.78,93.45,314,2795.08,4239.08,0.13,0,0,2745.43,3.25,2772.63,4.22,28.16,0,0,20.93,40.8,58.99,69.96,0.25,0,0,1.76,0.01,2.59,5.82,2.37,1287.91,156.03,274.05,0,0,0,539.8,0.06,14.35,2,1,0.13,0.6,0,540.99,3301.67,1512.37,12381.22,525.17
sd,regen,none,5,0,676.03,84.5,2366.09,0,128.59,900.16,720.12,0,237.81,156.28,169.86,0.0147,0.0074,0.0022,0.0006,0.0002,16868.13,8496.38,2478.78,734.98,284.16,28801.75,28862.43,60.68,-163.7906499,-222.0935649,0,58.302915,1196.97,102.96,0,3525.55,4764.68,0.13,0,0,2772.63,4.22,2787.44,4,14.6,0,0,0,41.29,58.09,65.49,0.05,0,0,0.14,0.01,0.22,4.35,2.31,1287.47,149.11,283.02,0,0,0,539.8,0.06,14.35,2,1,0.13,0.6,0,677.74,4314.78,1811.98,15099.83,364.5
sd,regen,none,6,0,682.32,85.29,2388.12,0,120.78,845.46,676.37,0,262.79,172.69,187.7,0.0147,0.0074,0.0021,0.0006,0.0002,16959.9,8459.05,2468.64,733.64,284.54,28862.43,28905.78,43.35,-100.3614891,-158.6644041,0,58.302915,1101.72,106.7,0,4229.89,5394.85,0.13,0,0,2787.44,4,2798.48,4.27,11.31,0,0,0,40.42,58.24,65.96,0.05,0,0,0.14,0.01,0.22,5.18,2.32,1287.02,144.34,287.5,0,0,0,539.8,0.06,14.35,2,1,0.13,0.6,0,810.89,5352.78,2111.53,17786.45,252.99
sd,regen,none,7,0,673.87,84.23,2358.53,0,114.31,800.15,640.12,0,277.37,182.27,198.12,0.0148,0.0073,0.0021,0.0006,0.0002,17027.67,8424.46,2459.5,732.02,284.83,28905.79,28928.49,22.71,0.169495242,-83.12038331,0,83.28987855,1013.01,106.14,0,4924.45,6020.79,0.13,0,0,2798.48,4.27,2806.14,4.49,7.88,0,0,0,38.8,57.3,65.3,0.05,0,0,0.2,0.01,0.31,5.88,2.32,1286.58,139.39,291.54,0,0,0,539.8,0.06,14.35,2,1,0.13,0.6,0,940.24,6397.75,2422.39,20421.66,175.59
sd,regen,none,8,0,682.15,85.27,2387.52,0,110.8,775.57,620.46,0,395.68,260.02,282.63,0.015,0.0073,0.0021,0.0006,0.0002,17220.33,8390.17,2450.44,730.15,285.06,28928.49,29076.15,147.66,279.9581092,-540.447195,0,820.4053042,952.15,103.86,314,5626.08,6848.31,0.15,0,0,2806.14,4.49,2820.15,5.12,14.65,0,0,20.93,37.47,57.77,71.1,0.28,0,0,1.97,0.02,2.9,8.81,2.37,1286.13,140.85,288.82,0,0,0,539.8,0.06,14.35,2,1,0.13,0.6,0,1070.22,7572.86,2821.54,23167.48,121.87
sd,regen,none,9,0,680.74,85.09,2382.61,0,109.22,764.54,611.63,0,304.25,199.93,217.32,0.015,0.0073,0.0021,0.0006,0.0002,17236.54,8359.39,2442.48,728.32,285.3,29076.15,29052.03,-24.13,242.4039701,88.31769482,0,154.0862753,916.61,101.54,0,6336.53,7378.67,0.14,0,0,2820.15,5.12,2823.47,4.84,3.03,0,0,0,36.64,57.57,66.24,0.07,0,0,0.37,0.01,0.56,7.02,2.32,1285.68,135.46,295.86,0,0,0,539.8,0.06,14.35,2,1,0.13,0.6,0,1192.58,8655.59,3165.9,25848.29,84.59
sd,regen,none,10,0,680.99,85.12,2383.46,0,105.58,739.07,591.26,0,315,207,225,0.015,0.0072,0.0021,0.0006,0.0002,17262.21,8329.9,2434.76,726.45,285.42,29052.03,29038.72,-13.3,194.4363319,48.67904439,0,145.7572875,881.87,99.27,0,7036.47,8030.78,0.15,0,0,2823.47,4.84,2825.27,4.94,1.89,0,0,0,35.71,57.42,66.22,0.07,0,0,0.35,0.01,0.52,7.29,2.32,1285.23,132.78,298.41,0,0,0,539.8,0.06,14.35,2,1,0.13,0.6,0,1313.88,9745.93,3510.55,28528.49,58.71
sd,regen,none,11,0,675.04,84.38,2362.64,0,103.71,725.99,580.79,0,317.67,208.76,226.91,0.015,0.0072,0.0021,0.0006,0.0002,17288.13,8301.57,2426.96,724.57,285.48,29038.72,29026.71,-12.02,202.2449131,43.99414387,0,158.2507693,854.01,96.87,0,7735.76,8698.52,0.15,0,0,2825.27,4.94,2825.98,5.04,0.82,0,0,0,34.85,56.86,65.73,0.07,0,0,0.38,0.01,0.56,7.57,2.32,1284.78,130.66,299.25,0,0,0,539.8,0.06,14.35,2,1,0.13,0.6,0,1430.48,10833.03,3860.2,31193.58,40.75
sd,regen,none,12,0,695.07,86.88,2432.74,0,105.25,736.75,589.4,0,435.49,286.18,311.06,0.0152,0.0072,0.0021,0.0006,0.0002,17459.47,8271.76,2418.53,722.66,285.45,29026.71,29157.88,131.17,402.7802126,-480.0925002,0,882.8727128,850.34,95.34,314,8450.63,9578.98,0.17,0,0,2825.98,5.04,2835.08,5.54,9.6,0,0,20.93,34.71,58.46,72.74,0.3,0,0,2.12,0.02,3.1,10.04,2.37,1284.33,135.38,294.16,0,0,0,539.8,0.06,14.35,2,1,0.13,0.6,0,1553.76,12060.57,4299.79,34032.32,28.28
sd,regen,none,13,0,680.73,85.09,2382.56,0,104.72,733.06,586.45,0,328.48,215.86,234.63,0.0152,0.0072,0.0021,0.0006,0.0002,17453.54,8245.02,2411.24,720.82,285.48,29157.88,29116.1,-41.78,361.1427772,152.9180808,0,208.2246964,847.69,94.69,0,9179.56,10163.59,0.17,0,0,2835.08,5.54,2834.79,5.17,-0.65,0,0,0,34.65,57.29,66.66,0.08,0,0,0.5,0.01,0.74,8.01,2.32,1283.88,130.99,299.57,0,0,0,539.8,0.06,14.35,2,1,0.13,0.6,0,1670.87,13164.73,4661.66,36743.93,19.63
sd,regen,none,14,0,683.62,85.45,2392.66,0,106.08,742.54,594.03,0,324.7,213.37,231.93,0.0152,0.0071,0.0021,0.0006,0.0002,17478.27,8218.82,2403.83,718.97,285.45,29116.1,29105.34,-10.76,226.7846717,39.38244493,0,187.4022268,850.63,94.43,0,9890.68,10846.35,0.17,0,0,2834.79,5.17,2834.34,5.2,-0.41,0,0,0,34.76,57.55,66.79,0.08,0,0,0.45,0.01,0.67,8.09,2.32,1283.43,130.76,300.24,0,0,0,539.8,0.06,14.35,2,1,0.13,0.6,0,1787.52,14269.16,5026.34,39472.56,13.62
sd,regen,none,15,0,685.95,85.74,2400.83,0,104.93,734.49,587.59,0,330.09,216.92,235.78,0.0152,0.0071,0.0021,0.0006,0.0002,17500.26,8192.94,2396.43,717.12,285.37,29105.33,29092.13,-13.21,244.080852,48.34963732,0,195.7312147,846.77,94.38,0,10603.71,11557.92,0.18,0,0,2834.34,5.2,2833.66,5.22,-0.67,0,0,0,34.68,57.67,66.97,0.08,0,0,0.47,0.01,0.69,8.16,2.32,1282.97,130.12,300.49,0,0,0,539.8,0.06,14.35,2,1,0.13,0.6,0,1904.7,15378.74,5387.49,42205.14,9.46
sd,regen,none,16,0,714,89.25,2499,0,105.81,740.69,592.55,0,454.86,298.91,324.9,0.0154,0.0071,0.0021,0.0006,0.0002,17661.5,8164.97,2388.25,715.23,285.23,29092.13,29215.18,123.05,457.4870142,-450.3726625,0,907.8596767,846.99,94.25,314,11336.33,12468.35,0.19,0,0,2833.66,5.22,2841.62,5.76,8.49,0,0,20.93,34.69,59.86,74.64,0.31,0,0,2.18,0.02,3.19,10.54,2.37,1282.51,135.14,294.54,0,0,0,539.8,0.06,14.35,2,1,0.13,0.6,0,2026.49,16642.12,5839.19,45130.96,6.56
sd,regen,none,17,0,693.01,86.63,2425.54,0,106.21,743.47,594.77,0,338.36,222.35,241.69,0.0153,0.0071,0.0021,0.0006,0.0002,17650.39,8140.25,2381.31,713.44,285.17,29215.18,29170.56,-44.63,404.8899524,163.3493046,0,241.5406478,850.29,94.42,0,12085.83,13074.99,0.19,0,0,2841.62,5.76,2840.44,5.32,-1.61,0,0,0,34.82,58.22,67.88,0.09,0,0,0.58,0.01,0.85,8.44,2.32,1282.04,130.99,299.71,0,0,0,539.8,0.06,14.35,2,1,0.13,0.6,0,2144.71,17769.35,6211.8,47902.63,4.56
sd,regen,none,18,0,695.39,86.92,2433.87,0,105.93,741.5,593.2,0,336.81,221.33,240.58,0.0154,0.0071,0.0021,0.0006,0.0002,17661.94,8115.61,2374.24,711.62,285.06,29170.56,29148.47,-22.09,297.4048189,80.85113462,0,216.5536843,849.57,94.57,0,12810.06,13776.11,0.2,0,0,2840.44,5.32,2839.08,5.34,-1.34,0,0,0,34.82,58.37,67.86,0.08,0,0,0.52,0.01,0.76,8.46,2.32,1281.58,130.38,300.36,0,0,0,539.8,0.06,14.35,2,1,0.13,0.6,0,2263.46,18896.22,6581.2,50677.94,3.16
sd,regen,none,19,0,698.46,87.31,2444.61,0,106.04,742.29,593.83,0,338.38,222.37,241.7,0.0154,0.007,0.0021,0.0006,0.0002,17679.13,8091.21,2367.19,709.81,284.94,29148.47,29132.28,-16.2,280.0114503,59.29327211,0,220.7181782,849.02,94.61,0,13536.53,14496.16,0.2,0,0,2839.08,5.34,2837.64,5.34,-1.43,0,0,0,34.81,58.59,68.08,0.08,0,0,0.53,0.01,0.77,8.48,2.31,1281.12,130.2,300.54,0,0,0,539.8,0.06,14.35,2,1,0.13,0.6,0,2382.72,20029,6953.67,53466.59,2.19
sd,regen,none,20,0,725.22,90.65,2538.26,0,108.2,757.39,605.91,0,458.3,301.17,327.36,0.0155,0.007,0.0021,0.0006,0.0002,17841.4,8064.53,2359.26,707.97,284.74,29132.28,29257.91,125.63,468.8664807,-459.8156651,0,928.6821458,859.79,95.01,314,14283.88,15426.83,0.22,0,0,2837.64,5.34,2845.26,5.88,8.15,0,0,20.93,35.15,60.73,75.63,0.32,0,0,2.23,0.02,3.25,10.8,2.37,1280.65,135.73,294.31,0,0,0,539.8,0.06,14.35,2,1,0.13,0.6,0,2506.23,21310.3,7414.4,56445.11,1.52
sd,organic,none,1,0,1046.18,1046.18,836.94,0,0,0,0,0,0,0,0,0.0139,0.0074,0.0022,0.0006,0.0002,16019.7,8558.84,2502.57,735.36,265.12,27021.44,28081.58,1060.14,-3867.702166,-3880.195648,0,12.49348178,1306.06,24.01,0,84.65,354.53,0.05,0,0,2677.82,1.21,2701.37,7.39,29.72,0,0,0,39.62,22.94,28.65,0.02,0,0,0.03,0.01,0.06,1.71,3.08,1288.48,48.09,522.06,0,0,0,539.8,21.6,14.35,2,1,0.19,0.47,0,0,393.15,393.15,671.36,0
sd,organic,none,2,0,1100.01,1100.01,880.01,0,0,0,0,0,0,0,0,0.0146,0.0074,0.0022,0.0006,0.0002,16796.55,8520.62,2490.27,732.52,266.92,28081.59,28806.88,725.29,-2625.466897,-2654.618354,0,29.1514575,2103.52,71,0,224.26,1673.31,0.15,0,0,2701.37,7.39,2747.48,8.05,46.77,0,0,0,67.61,22.35,33.85,0.11,0,0,0.07,0.01,0.12,2.03,3.41,1288.27,56.59,435.47,0.63,0,0,539.8,1.98,14.35,2,1,0.19,0.48,0,0,441.4,441.4,1105.93,0
sd,organic,none,3,0,1113.49,1113.49,890.79,0,0,0,0,0,0,0,0,0.0151,0.0074,0.0022,0.0006,0.0002,17394.68,8479.55,2476.47,728.01,266.1,28806.88,29344.82,537.94,-1931.422197,-1968.902642,0,37.48044536,2209.96,100.65,0,310.54,2082.96,0.25,0,0,2747.48,8.05,2794.03,8.46,46.97,0,0,0,74.08,22.06,35.41,0.14,0,0,0.09,0.01,0.15,3.46,3.48,1288.24,58.94,422.35,2.21,0,0,539.8,4.41,14.35,2,1,0.18,0.49,0,0,449.9,449.9,1366.22,0
sd,organic,none,4,0,1151.4,1151.4,921.12,0,0,0,0,0,0,0,0,0.0156,0.0073,0.0021,0.0006,0.0002,17951.66,8438.75,2463,723.47,264.91,29344.83,29841.8,496.98,-1752.353923,-1818.985826,0,66.63190286,2273.06,119.1,0,364.24,2259.15,0.32,0,0,2794.03,8.46,2839.54,9,46.06,0,0,0,78,22.58,37.1,0.16,0,0,0.16,0.01,0.24,5.12,3.49,1288.21,61.51,419.8,3.06,0,0,539.8,7.27,14.35,2,1,0.19,0.49,0,0,464.77,464.77,1541.6,0
sd,organic,none,5,0,1184.51,1184.51,947.61,0,0,0,0,0,0,0,0,0.0161,0.0073,0.0021,0.0006,0.0002,18487.96,8398.52,2449.88,719.02,263.61,29841.81,30318.99,477.19,-1604.960077,-1746.552871,0,141.5927936,2341.99,131.71,0,401.06,2397.19,0.38,0,0,2839.54,9,2883.79,9.69,44.93,0,0,0,81.39,22.99,38.64,0.18,0,0,0.34,0.02,0.5,6.81,3.49,1288.19,63.8,416.94,3.93,0,0,539.8,9.84,14.35,2,1,0.19,0.49,0,0,478.29,478.29,1664.71,0
sd,organic,none,6,0,1213.05,1213.05,970.44,0,0,0,0,0,0,0,0,0.0165,0.0073,0.0021,0.0006,0.0002,19003.5,8358.94,2437.09,714.68,262.29,30319,30776.49,457.5,-1428.780783,-1674.485925,0,245.7051418,2402.71,140.69,0,427.41,2512.85,0.44,0,0,2883.79,9.69,2926.55,10.44,43.51,0,0,0,84.12,23.31,40.05,0.2,0,0,0.59,0.02,0.85,8.36,3.48,1288.16,65.86,414.06,4.76,0,0,539.8,12.35,14.35,2,1,0.19,0.49,0,0,489.99,489.99,1754.58,0
sd,organic,none,7,0,1237.14,1237.14,989.71,0,0,0,0,0,0,0,0,0.017,0.0072,0.0021,0.0006,0.0002,19497.09,8320.04,2424.62,710.44,260.95,30776.5,31213.13,436.64,-1235.825715,-1598.136687,0,362.3109718,2454.49,147.32,0,446.93,2611.63,0.49,0,0,2926.55,10.44,2967.79,11.2,41.99,0,0,0,86.32,23.55,41.28,0.23,0,0,0.87,0.03,1.23,9.77,3.48,1288.14,67.61,412.22,5.31,0,0,539.8,14.49,14.35,2,1,0.19,0.49,0,0,499.89,499.89,1822.3,0
sd,organic,none,8,0,1256.25,1256.25,1005,0,0,0,0,0,0,0,0,0.0174,0.0072,0.0021,0.0006,0.0002,19968.21,8281.79,2412.4,706.3,259.62,31213.14,31628.32,415.18,-1057.705909,-1519.591402,-0.373333333,462.2588261,2496.72,152.34,0,461.8,2695.18,0.51,0,-0.01,2967.79,11.2,3007.34,11.96,40.32,0,0,0,88.06,23.67,42.39,0.26,0,0,1.11,0.03,1.57,11.08,3.47,1288.12,69.17,410.31,5.48,0,0,539.8,16.79,14.35,2,1,0.19,0.5,0,0,507.78,507.78,1873.96,0
sd,organic,none,9,0,1273.57,1273.57,1018.86,0,0,0,0,0,0,0,0,0.0178,0.0072,0.0021,0.0006,0.0001,20419.01,8244.19,2400.43,702.26,258.31,31628.31,32024.2,395.89,-875.0349915,-1448.988487,-0.746666667,574.7001622,2532.99,156.23,0,473.4,2766.24,0.52,0,-0.02,3007.34,11.96,3045.26,12.7,38.66,0,0,0,89.5,23.78,43.42,0.29,0,0,1.38,0.03,1.94,12.22,3.46,1288.1,70.56,408.82,5.46,0,0,539.8,19.23,14.35,2,1,0.19,0.5,0,0,514.86,514.86,1915.16,0
sd,organic,none,10,0,1290.69,1290.69,1032.56,0,0,0,0,0,0,0,0,0.0181,0.0071,0.0021,0.0006,0.0001,20853.38,8207.19,2388.68,698.3,257.01,32024.2,32404.56,380.36,-706.12597,-1392.147468,-1.12,687.141498,2567.5,159.41,0,482.94,2828.99,0.53,0,-0.03,3045.26,12.7,3081.61,13.41,37.06,0,0,0,90.8,23.88,44.42,0.32,0,0,1.65,0.04,2.3,13.25,3.45,1288.09,71.92,407.41,5.63,0,0,539.8,21.72,14.35,2,1,0.19,0.5,0,0,521.8,521.8,1950.17,0
sd,organic,none,11,0,1306.13,1306.13,1044.9,0,0,0,0,0,0,0,0,0.0185,0.0071,0.0021,0.0006,0.0001,21271.2,8170.76,2377.14,694.41,255.74,32404.57,32769.25,364.68,-540.8324301,-1334.757437,-1.493333333,795.4183403,2599.66,162.13,0,491.12,2887.7,0.53,0,-0.04,3081.61,13.41,3116.56,14.09,35.63,0,0,0,91.98,23.98,45.31,0.35,0,0,1.91,0.04,2.65,14.17,3.43,1288.08,73.07,406.15,5.5,0,0,539.8,24.28,14.35,2,1,0.19,0.5,0,0,528.1,528.1,1980.51,0
sd,organic,none,12,0,1321.23,1321.23,1056.98,0,0,0,0,0,0,0,0,0.0188,0.0071,0.0021,0.0006,0.0001,21675.08,8134.88,2365.78,690.6,254.48,32769.25,33120.82,351.57,-380.780797,-1286.773807,-1.866666667,907.8596767,2630.2,164.53,0,498.35,2941.02,0.54,0,-0.05,3116.56,14.09,3150.2,14.73,34.28,0,0,0,93.08,24.08,46.16,0.38,0,0,2.18,0.04,3,14.98,3.42,1288.06,74.17,404.95,5.52,0,0,539.8,27.06,14.35,2,1,0.19,0.5,0,0,534.23,534.23,2007.91,0
sd,organic,none,13,0,1335.94,1335.94,1068.76,0,0,0,0,0,0,0,0,0.0192,0.007,0.002,0.0006,0.0001,22066.42,8099.48,2354.59,686.84,253.24,33120.81,33460.57,339.76,-233.4429219,-1243.54828,-1.866666667,1011.972025,2659.94,166.72,0,504.98,2991.4,0.56,0,-0.05,3150.2,14.73,3182.65,15.34,33.05,0,0,0,94.14,24.18,46.99,0.41,0,0,2.43,0.04,3.34,15.7,3.41,1288.05,75.22,403.7,5.73,0,0,539.8,29.98,14.35,2,1,0.19,0.5,0,0,540.2,540.2,2033.37,0
sd,organic,none,14,0,1349.78,1349.78,1079.82,0,0,0,0,0,0,0,0,0.0195,0.007,0.002,0.0006,0.0001,22445.56,8064.52,2343.57,683.14,252.02,33460.57,33788.82,328.25,-87.57640324,-1201.420776,-2.24,1116.084373,2688.3,168.77,0,511.15,3039.44,0.56,0,-0.06,3182.65,15.34,3214.03,15.91,31.96,0,0,0,95.13,24.28,47.76,0.43,0,0,2.68,0.05,3.66,16.33,3.4,1288.04,76.16,402.6,5.72,0,0,539.8,33.07,14.35,2,1,0.19,0.5,0,0,545.83,545.83,2057.13,0
sd,organic,none,15,0,1363.07,1363.07,1090.46,0,0,0,0,0,0,0,0,0.0198,0.007,0.002,0.0006,0.0001,22814.07,8030.01,2332.69,679.5,250.81,33788.82,34107.08,318.26,48.56230291,-1164.856591,-2.613333333,1216.032227,2715.34,170.68,0,516.93,3084.2,0.56,0,-0.07,3214.03,15.91,3244.44,16.45,30.94,0,0,0,96.07,24.38,48.49,0.46,0,0,2.92,0.05,3.97,16.91,3.39,1288.02,77.04,401.47,5.73,0,0,539.8,36.42,14.35,2,1,0.19,0.5,0,0,551.23,551.23,2079.55,0
sd,organic,none,16,0,1375.43,1375.43,1100.34,0,0,0,0,0,0,0,0,0.0201,0.007,0.002,0.0006,0.0001,23172.13,7995.9,2321.94,675.9,249.62,34107.07,34415.5,308.42,180.3608352,-1128.841419,-2.613333333,1311.815588,2740.79,172.48,0,522.37,3126.73,0.57,0,-0.07,3244.44,16.45,3273.96,16.96,30.04,0,0,0,96.96,24.48,49.14,0.48,0,0,3.15,0.05,4.26,17.42,3.38,1288.01,77.8,400.61,5.72,0,0,539.8,39.51,14.35,2,1,0.19,0.51,0,0,556.27,556.27,2100.58,0
sd,organic,none,17,0,1387.91,1387.91,1110.33,0,0,0,0,0,0,0,0,0.0204,0.0069,0.002,0.0006,0.0001,23521.91,7962.15,2311.33,672.35,248.44,34415.5,34716.18,300.68,299.9353765,-1100.512411,-2.986666667,1403.434454,2765.71,174.19,0,527.55,3166.24,0.58,0,-0.08,3273.96,16.96,3302.66,17.44,29.18,0,0,0,97.82,24.58,49.81,0.51,0,0,3.37,0.05,4.52,17.9,3.37,1288,78.57,399.56,5.88,0,0,539.8,43.09,14.35,2,1,0.19,0.51,0,0,561.32,561.32,2120.9,0
sd,organic,none,18,0,1399.77,1399.77,1119.82,0,0,0,0,0,0,0,0,0.0207,0.0069,0.002,0.0006,0.0001,23863.52,7928.77,2300.84,668.83,247.28,34716.18,35009.25,293.07,415.242947,-1072.659213,-2.986666667,1490.888827,2789.9,175.84,0,532.54,3204.72,0.59,0,-0.08,3302.66,17.44,3330.63,17.89,28.42,0,0,0,98.65,24.68,50.44,0.53,0,0,3.58,0.06,4.78,18.32,3.36,1287.99,79.27,398.6,5.95,0,0,539.8,46.86,14.35,2,1,0.19,0.51,0,0,566.14,566.14,2140.4,0
sd,organic,none,19,0,1411.24,1411.24,1128.99,0,0,0,0,0,0,0,0,0.021,0.0069,0.002,0.0006,0.0001,24197.71,7895.74,2290.45,665.36,246.12,35009.24,35295.38,286.13,527.7249312,-1047.258268,-3.36,1578.343199,2813.17,177.42,0,537.33,3241.27,0.59,0,-0.09,3330.63,17.89,3357.93,18.31,27.72,0,0,0,99.45,24.78,51.03,0.55,0,0,3.79,0.06,5.02,18.7,3.35,1287.98,79.92,397.57,5.99,0,0,539.8,50.98,14.35,2,1,0.19,0.51,0,0,570.8,570.8,2159.16,0
sd,organic,none,20,0,1421.65,1421.65,1137.32,0,0,0,0,0,0,0,0,0.0213,0.0068,0.002,0.0006,0.0001,24524.15,7862.99,2280.17,661.92,244.98,35295.37,35574.2,278.83,637.7333825,-1020.539695,-3.36,1661.633078,2834.81,178.93,0,541.88,3276.26,0.6,0,-0.09,3357.93,18.31,3384.64,18.71,27.11,0,0,0,100.19,24.87,51.55,0.57,0,0,3.99,0.06,5.25,19.05,3.34,1287.97,80.44,396.78,6.05,0,0,539.8,55.3,14.35,2,1,0.19,0.51,0,0,575.05,575.05,2176.81,0
SD,organic,BAU,1,0,1081.64,1081.64,865.31,0,0,0,0,0,0,0,0,0.0138,0.0074,0.0022,0.0006,0.0002,15842.18,8558.94,2502.64,735.44,265.3,27021.44,27904.49,883.05,-3219.53886,-3232.032342,0,12.49348178,930.34,24.84,312.3,87.58,471.94,0.06,0,0,2677.82,1.21,2699.44,7.7,28.11,0,0,14.67,29.14,22.94,31.26,0.04,0,0,0.03,0.01,0.06,4.78,3.08,1288.66,52.47,518.44,0,0,0,539.8,20.87,14.35,2,1,0.19,0.47,0,0,279.8,279.8,694.5,0
SD,organic,BAU,2,0,1098.25,1098.25,878.6,0,0,0,0,0,0,0,0,0.0141,0.0074,0.0022,0.0006,0.0002,16260.93,8521.39,2490.39,732.57,268.73,27904.49,28274.02,369.52,-1256.688857,-1352.472217,0,95.78336033,819.66,72.52,691.56,229.54,1443.6,0.11,0,0,2699.44,7.7,2728.96,8.86,30.68,0,0,32.47,31.65,21.23,36.03,0.17,0,0,0.23,0.01,0.35,10.74,3.45,1288.58,60.22,442.23,0,0,0,539.8,0.09,14.35,2,1,0.18,0.49,0,0,222.68,222.68,1118.16,0
SD,organic,BAU,3,0,1052.55,1052.55,842.04,0,0,0,0,0,0,0,0,0.0144,0.0074,0.0022,0.0006,0.0002,16538.89,8482.46,2477.01,728.03,268.47,28274.02,28494.85,220.84,-662.534454,-808.2917415,0,145.7572875,721.32,100.05,657.69,307.85,1565.97,0.11,0,0,2728.96,8.86,2752.85,9.35,24.37,0,0,30.87,32.12,19.68,35.88,0.19,0,0,0.35,0.02,0.51,11.48,3.47,1288.62,59.73,427.38,0,0,0,539.8,0.09,14.35,2,1,0.17,0.49,0,0,205.54,205.54,1333.58,0
SD,organic,BAU,4,0,1062.63,1062.63,850.1,0,0,0,0,0,0,0,0,0.0146,0.0073,0.0021,0.0006,0.0002,16814.94,8444.36,2463.98,723.49,267.72,28494.85,28714.5,219.65,-604.0405395,-803.9362481,0,199.8957086,721.82,114.83,647.4,350.69,1615.03,0.12,0,0,2752.85,9.35,2774.45,9.81,22.07,0,0,30.37,33.86,19.65,36.65,0.21,0,0,0.48,0.02,0.71,12.46,3.47,1288.61,60.76,426.14,0,0,0,539.8,0.09,14.35,2,1,0.16,0.5,0,0,209.33,209.33,1464.83,0
SD,organic,BAU,5,0,1074.68,1074.68,859.74,0,0,0,0,0,0,0,0,0.0148,0.0073,0.0021,0.0006,0.0002,17080.94,8406.97,2451.32,719.05,266.65,28714.5,28924.92,210.42,-520.2840876,-770.1537233,0,249.8696357,739.53,123.97,649.68,377.31,1679.94,0.12,0,0,2774.45,9.81,2794.76,10.25,20.75,0,0,30.47,35.43,19.69,37.43,0.23,0,0,0.6,0.02,0.88,13.48,3.46,1288.6,61.8,424.43,0,0,0,539.8,0.09,14.35,2,1,0.16,0.5,0,0,213.87,213.87,1548.65,0
SD,organic,BAU,6,0,1088.42,1088.42,870.73,0,0,0,0,0,0,0,0,0.0151,0.0073,0.0021,0.0006,0.0002,17336.65,8370.28,2439.01,714.73,265.49,28924.92,29126.16,201.24,-432.5461456,-736.5542024,0,304.0080568,759.86,129.95,652.4,394.88,1735.72,0.12,0,0,2794.76,10.25,2813.96,10.68,19.63,0,0,30.59,36.69,19.8,38.18,0.25,0,0,0.73,0.02,1.06,14.42,3.46,1288.59,62.8,423.4,0,0,0,539.8,0.09,14.35,2,1,0.16,0.5,0,0,219.03,219.03,1606.12,0
SD,organic,BAU,7,0,1102.02,1102.02,881.61,0,0,0,0,0,0,0,0,0.0153,0.0072,0.0021,0.0006,0.0002,17582.08,8334.23,2427.02,710.53,264.3,29126.16,29318.16,192,-348.753093,-702.7350769,0,353.9819839,780.47,134.14,655.5,407.29,1785.33,0.13,0,0,2813.96,10.68,2832.17,11.08,18.62,0,0,30.72,37.75,19.9,38.93,0.27,0,0,0.85,0.03,1.23,15.27,3.45,1288.58,63.77,422.26,0,0,0,539.8,0.09,14.35,2,1,0.16,0.5,0,0,224.15,224.15,1648.26,0
SD,organic,BAU,8,0,1116.6,1116.6,893.28,0,0,0,0,0,0,0,0,0.0155,0.0072,0.0021,0.0006,0.0002,17819.09,8298.77,2415.3,706.42,263.1,29318.16,29502.68,184.52,-271.4017784,-675.3576895,0,403.9559111,802.28,137.33,658.58,416.8,1830.32,0.13,0,0,2832.17,11.08,2849.52,11.47,17.74,0,0,30.85,38.72,20.04,39.69,0.29,0,0,0.97,0.03,1.39,16.01,3.44,1288.57,64.75,421.34,0,0,0,539.8,0.09,14.35,2,1,0.16,0.5,0,0,229.64,229.64,1682.16,0
SD,organic,BAU,9,0,1131.99,1131.99,905.59,0,0,0,0,0,0,0,0,0.0157,0.0072,0.0021,0.0006,0.0002,18049.21,8263.9,2403.84,702.42,261.93,29502.68,29681.3,178.62,-203.9978819,-653.7632262,0,449.7653443,825.34,139.98,661.87,424.82,1873.28,0.13,0,0,2849.52,11.47,2866.19,11.84,17.04,0,0,31,39.66,20.21,40.42,0.31,0,0,1.08,0.03,1.56,16.68,3.43,1288.56,65.7,420.76,0,0,0,539.8,0.09,14.35,2,1,0.17,0.5,0,0,235.42,235.42,1711.82,0
SD,organic,BAU,10,0,1144.53,1144.53,915.63,0,0,0,0,0,0,0,0,0.0159,0.0072,0.0021,0.0006,0.0002,18269.97,8229.5,2392.59,698.5,260.74,29681.3,29851.3,170,-122.4740779,-622.2133493,0,499.7392714,845.06,142.27,665.35,431.71,1914.23,0.13,0,0,2866.19,11.84,2882.14,12.2,16.31,0,0,31.15,40.47,20.32,41.08,0.33,0,0,1.2,0.03,1.72,17.3,3.42,1288.55,66.51,419.83,0,0,0,539.8,0.09,14.35,2,1,0.17,0.5,0,0,240.14,240.14,1737.16,0
SD,organic,BAU,11,0,1156.38,1156.38,925.1,0,0,0,0,0,0,0,0,0.0161,0.0071,0.0021,0.0006,0.0002,18482.64,8195.6,2381.55,694.66,259.55,29851.3,30013.99,162.69,-49.90947063,-595.4581753,0,545.5487047,863.18,144.26,668.19,437.71,1950.5,0.14,0,0,2882.14,12.2,2897.41,12.55,15.62,0,0,31.27,41.19,20.42,41.71,0.35,0,0,1.31,0.03,1.87,17.84,3.41,1288.54,67.26,418.93,0,0,0,539.8,0.09,14.35,2,1,0.17,0.5,0,0,244.59,244.59,1759.55,0
SD,organic,BAU,12,0,1167.82,1167.82,934.26,0,0,0,0,0,0,0,0,0.0162,0.0071,0.0021,0.0006,0.0001,18688.17,8162.14,2370.68,690.88,258.38,30013.99,30170.26,156.27,19.39766663,-571.9604712,0,591.3581378,880.68,146.04,670.82,443.12,1984.23,0.14,0,0,2897.41,12.55,2912.09,12.88,15.01,0,0,31.38,41.87,20.53,42.28,0.37,0,0,1.42,0.03,2.02,18.33,3.4,1288.53,67.93,418.3,0,0,0,539.8,0.09,14.35,2,1,0.17,0.5,0,0,248.88,248.88,1779.97,0
SD,organic,BAU,13,0,1178.28,1178.28,942.63,0,0,0,0,0,0,0,0,0.0164,0.0071,0.0021,0.0006,0.0001,18886.91,8129.1,2359.99,687.16,257.21,30170.26,30320.38,150.12,87.71658285,-549.4509882,0,637.1675711,896.88,147.66,673.36,448.02,2015.65,0.14,0,0,2912.09,12.88,2926.19,13.19,14.41,0,0,31.49,42.5,20.62,42.83,0.39,0,0,1.53,0.03,2.17,18.78,3.39,1288.52,68.55,417.55,0,0,0,539.8,0.09,14.35,2,1,0.17,0.51,0,0,252.82,252.82,1798.62,0
SD,organic,BAU,14,0,1190.28,1190.28,952.22,0,0,0,0,0,0,0,0,0.0166,0.007,0.002,0.0006,0.0001,19081.62,8096.49,2349.43,683.51,256.06,30320.38,30467.1,146.73,141.7691883,-537.043322,0,678.8125103,914.72,149.2,675.67,452.71,2045.42,0.14,0,0,2926.19,13.19,2939.81,13.49,13.93,0,0,31.59,43.16,20.75,43.4,0.41,0,0,1.63,0.04,2.31,19.18,3.38,1288.51,69.21,416.99,0,0,0,539.8,0.09,14.35,2,1,0.17,0.51,0,0,257.33,257.33,1817.23,0
SD,organic,BAU,15,0,1200.1,1200.1,960.08,0,0,0,0,0,0,0,0,0.0168,0.007,0.002,0.0006,0.0001,19269.84,8064.24,2339.01,679.9,254.96,30467.1,30607.95,140.85,204.9353894,-515.5220603,0,720.4574497,930.27,150.68,678.33,457.24,2075.5,0.14,0,0,2939.81,13.49,2953.01,13.78,13.48,0,0,31.7,43.76,20.85,43.88,0.43,0,0,1.73,0.04,2.44,19.55,3.37,1288.5,69.72,416.45,0,0,0,539.8,0.09,14.35,2,1,0.17,0.51,0,0,261.02,261.02,1834.41,0
SD,organic,BAU,16,0,1209.59,1209.59,967.67,0,0,0,0,0,0,0,0,0.0169,0.007,0.002,0.0006,0.0001,19453.11,8032.37,2328.73,676.34,253.84,30607.95,30744.38,136.43,258.5933818,-499.3445132,0,757.937895,944.81,152.06,680.5,461.42,2102.22,0.14,0,0,2953.01,13.78,2965.77,14.05,13.03,0,0,31.79,44.31,20.94,44.36,0.45,0,0,1.82,0.04,2.56,19.88,3.36,1288.49,70.23,415.66,0,0,0,539.8,0.09,14.35,2,1,0.17,0.51,0,0,264.59,264.59,1850.55,0
SD,organic,BAU,17,0,1221.31,1221.31,977.05,0,0,0,0,0,0,0,0,0.0171,0.007,0.002,0.0006,0.0001,19721.69,8001.33,2318.62,672.84,252.75,30744.38,30967.22,222.84,-28.5225461,-815.6118986,0,787.0893525,1142.02,153.43,548.76,465.61,2086.81,0.14,0,0,2965.77,14.05,2979.65,13.38,13.21,0,0,25.63,49.96,21.08,44.88,0.41,0,0,1.89,0.04,2.68,18.55,3.33,1288.42,70.8,415.45,0,0,0,539.8,0.09,14.35,2,1,0.17,0.51,0,0,323.3,323.3,1867.52,0
SD,organic,BAU,18,0,1239.47,1239.47,991.58,0,0,0,0,0,0,0,0,0.0173,0.0069,0.002,0.0006,0.0001,19869.91,7969.58,2308.44,669.34,251.01,30967.23,31068.29,101.06,396.379347,-369.8875358,0,766.2668828,1028.8,155,716.6,470.4,2269.57,0.15,0,0,2979.65,13.38,2994.15,14.55,15.67,0,0,33.46,46.96,21.41,45.48,0.48,0,0,1.84,0.04,2.56,20.59,3.36,1288.47,71.48,412.35,0,0,0,539.8,0.09,14.35,2,1,0.17,0.51,0,0,275.83,275.83,1889.2,0
SD,organic,BAU,19,0,1256.07,1256.07,1004.86,0,0,0,0,0,0,0,0,0.0174,0.0069,0.002,0.0006,0.0001,20044.47,7938.38,2298.48,665.91,250.38,31068.28,31197.62,129.34,392.8201807,-473.3945565,0,866.2147372,1013.65,156.85,689.22,476.32,2206.53,0.15,0,0,2994.15,14.55,3006.5,14.84,12.64,0,0,32.17,46.74,21.61,46.25,0.5,0,0,2.08,0.04,2.9,20.75,3.34,1288.45,72.43,415.42,0,0,0,539.8,0.09,14.35,2,1,0.17,0.51,0,0,282.06,282.06,1912.57,0
SD,organic,BAU,20,0,1257.97,1257.97,1006.37,0,0,0,0,0,0,0,0,0.0176,0.0069,0.002,0.0006,0.0001,20211.35,7907.58,2288.6,662.5,249.36,31197.63,31319.39,121.77,465.9630749,-445.687762,-0.373333333,912.0241703,1020.6,158.47,692.86,480.92,2230.91,0.15,0,-0.01,3006.5,14.84,3018.43,15.09,12.18,0,0,32.33,47.11,21.55,46.48,0.52,0,0,2.19,0.04,3.05,21.03,3.33,1288.45,72.54,413.62,0,0,0,539.8,0.09,14.35,2,1,0.17,0.51,0,0,282.79,282.79,1927.33,0
SD,regen,BAU,1,0,809.09,809.09,384.32,0,111.2,111.2,3113.46,0,551.74,551.74,441.4,0.0138,0.0076,0.0022,0.0006,0.0002,15924.44,8695.75,2525.98,745.56,279.34,27021.44,28171.06,1149.63,-3074.993727,-4207.736075,0,1132.742348,480.59,395.7,782.45,492.73,1001.78,0.04,0,0,2677.82,1.21,2705,4.46,30.44,0,0,43.33,19.18,59.44,66.59,0.13,0,0,2.72,0.01,4.01,8.97,2.38,1288.74,254.16,316.27,0,0,0,539.8,0.06,14.35,2,1.01,0.11,0.64,0,106.02,382.02,382.02,3664.31,1138.12
SD,regen,BAU,2,0,672.42,84.05,2353.47,0,116.99,818.91,655.13,0,356.42,234.22,254.59,0.0143,0.0075,0.0022,0.0006,0.0002,16412.51,8641.36,2512.51,740.93,281.19,28171.06,28588.49,417.43,-1394.562773,-1527.826579,0,133.2638057,876.43,42.64,936.89,1296.12,2734.55,0.1,0,0,2705,4.46,2751.26,5.05,46.85,0,0,67.58,19.91,57.42,69.7,0.19,0,0,0.32,0.02,0.45,22.26,2.56,1288.82,145.47,265.49,0,0,0,539.8,0.06,14.35,2,1,0.13,0.6,0,252.89,1229.96,760.52,6746.62,789.94
SD,regen,BAU,3,0,693.26,86.66,2426.39,0,126.43,884.99,707.99,0,395.03,259.59,282.16,0.0147,0.0075,0.0022,0.0006,0.0002,16958.92,8589.75,2501.3,739.11,282.69,28588.49,29071.77,483.28,-1610.591981,-1768.84275,0,158.2507693,927.82,70.28,936.89,2098.24,3549.82,0.12,0,0,2751.26,5.05,2798.81,6.07,48.56,0,0,73.67,27.61,59.38,74.17,0.25,0,0,0.38,0.02,0.53,26.06,2.61,1288.45,153.13,276.51,0,0,0,539.8,0.06,14.35,2,1,0.14,0.6,0,392.97,2239.17,1158.71,9824.99,548.27
SD,regen,BAU,4,0,706.2,88.28,2471.72,0,121.14,847.95,678.36,0,533.52,350.6,381.09,0.0153,0.0074,0.0022,0.0006,0.0002,17585.28,8541.82,2490.29,737.55,283.82,29071.77,29638.75,566.98,-1096.535249,-2075.191322,0,978.656073,935.76,87.4,1250.89,2899.53,4606.47,0.14,0,0,2798.81,6.07,2852.94,7.37,55.44,0,0,95.24,31.92,60.15,80.87,0.56,0,0,2.35,0.03,3.39,30,2.68,1288.07,159.1,269.29,0,0,0,539.8,0.06,14.35,2,1,0.14,0.6,0,528.9,3404.27,1614.59,12938.03,380.54
SD,regen,BAU,5,0,701.05,87.63,2453.69,0,119.79,838.5,670.8,0,485.39,318.97,346.71,0.0156,0.0074,0.0022,0.0006,0.0002,18000.92,8499.08,2479.61,735.64,284.4,29638.75,29999.66,360.91,-971.141451,-1320.958941,0,349.81749,919.52,95.95,936.89,3695.36,5286.66,0.14,0,0,2852.94,7.37,2894.3,7.73,41.72,0,0,73.78,33.91,59.67,77.97,0.34,0,0,0.84,0.03,1.17,29.39,2.66,1287.69,150.3,279.6,0,0,0,539.8,0.06,14.35,2,1,0.14,0.6,0,660.29,4483.94,2019.29,15912.15,264.12
SD,regen,BAU,6,0,707.44,88.43,2476.06,0,116.31,814.17,651.34,0,516.12,339.16,368.66,0.016,0.0074,0.0021,0.0006,0.0002,18400.07,8459.67,2469.28,734.14,284.83,29999.66,30348,348.33,-879.2882298,-1274.915153,0,395.6269232,894.87,100.04,936.89,4469.19,6052.49,0.15,0,0,2894.3,7.73,2932.1,8.45,38.51,0,0,73.93,34.68,60.01,79.28,0.37,0,0,0.95,0.04,1.32,30.74,2.67,1287.31,149.09,281.41,0,0,0,539.8,0.06,14.35,2,1,0.14,0.6,0,790.94,5597.86,2436.75,18890.37,183.32
SD,regen,BAU,7,0,706.32,88.29,2472.12,0,111.3,779.08,623.26,0,516.76,339.59,369.12,0.0163,0.0073,0.0021,0.0006,0.0002,18761.57,8422.89,2459.9,732.76,285.34,30347.99,30662.47,314.48,-676.2691872,-1151.021495,0,474.7523078,858.94,100.84,936.89,5246.86,6828.92,0.15,0,0,2932.1,8.45,2966.34,9.2,34.99,0,0,73.86,34.45,59.7,78.44,0.4,0,0,1.14,0.04,1.58,31.87,2.68,1286.93,152.88,275.81,0,0,0,539.8,0.06,14.35,2,1,0.13,0.6,0,916.94,6735.08,2865.39,21862.9,127.24
SD,regen,BAU,8,0,710.71,88.84,2487.49,0,110.46,773.2,618.56,0,522,343.03,372.85,0.0167,0.0073,0.0021,0.0006,0.0002,19242.45,8387.75,2455.25,731.51,286.49,30662.48,31103.44,440.96,-319.1639484,-1613.948227,-0.373333333,1295.157612,840.22,100.1,1250.89,6051.83,7801.96,0.15,0,-0.01,2966.34,9.2,3006.86,10.65,41.97,0,0,94.43,34.3,59.98,78.75,0.69,0,0,3.11,0.05,4.43,35.17,2.71,1286.54,177.37,250.96,0,0,0,539.8,0.06,14.35,2,1,0.13,0.6,0,1025.95,7993.12,3378.44,24973.87,88.31
SD,regen,BAU,9,0,711.95,88.99,2491.81,0,106.02,742.14,593.71,0,510.65,335.57,364.75,0.017,0.0073,0.0021,0.0006,0.0002,19511.88,8354.78,2446.88,729.94,287.12,31103.44,31330.6,227.16,-120.0416425,-831.4234378,-0.746666667,712.128462,815.85,98.76,936.89,6868.41,8492.62,0.16,0,-0.02,3006.86,10.65,3035,10.7,28.19,0,0,72.99,33.78,59.88,77.55,0.47,0,0,1.71,0.05,2.37,33.52,2.68,1286.16,161.46,265.53,0,0,0,539.8,0.06,14.35,2,1,0.13,0.6,0,1141.88,9182.83,3838.23,28004.27,61.29
SD,regen,BAU,10,0,714.56,89.32,2500.97,0,105.65,739.58,591.67,0,511.5,336.13,365.36,0.0172,0.0072,0.0021,0.0006,0.0002,19793.63,8323.15,2440.29,728.41,287.75,31330.6,31573.23,242.63,-156.2139209,-888.0448526,-1.12,732.9509317,802.98,96.99,936.89,7677.37,9271.48,0.16,0,-0.03,3035,10.7,3060.68,11.37,26.35,0,0,72.76,33.42,60.04,77.64,0.49,0,0,1.76,0.05,2.43,34.04,2.68,1285.77,163.8,264.59,0,0,0,539.8,0.06,14.35,2,1,0.13,0.6,0,1253.3,10391.76,4317.28,31069.79,42.54
SD,regen,BAU,11,0,715.88,89.48,2505.58,0,105.53,738.69,590.95,0,511.63,336.21,365.45,0.0174,0.0072,0.0021,0.0006,0.0002,20067.31,8292.49,2433.75,726.91,288.37,31573.23,31808.82,235.59,-47.1570898,-862.2778998,-1.12,816.24081,801.55,95.87,936.89,8494.94,10093.55,0.16,0,-0.03,3060.68,11.37,3084.62,11.89,24.47,0,0,72.53,33.4,60.11,77.66,0.51,0,0,1.96,0.05,2.7,34.54,2.68,1285.38,166.05,261.22,0,0,0,539.8,0.06,14.35,2,1,0.13,0.6,0,1363.23,11614.72,4805.71,34160.04,29.53
SD,regen,BAU,12,0,722.54,90.32,2528.88,0,108.11,756.76,605.41,0,523.08,343.74,373.63,0.0178,0.0072,0.0021,0.0006,0.0002,20475.85,8261.34,2428.3,725.5,289.07,31808.82,32180.05,371.23,259.3905204,-1358.730951,-1.866666667,1619.988138,814.79,95.61,1250.89,9331.08,11121.05,0.17,0,-0.05,3084.62,11.89,3116.41,16.16,36.06,0,0,93.19,33.84,60.71,78.91,0.79,0,0,3.89,0.06,5.48,37.36,2.71,1284.99,176.18,249.61,0,0,0,539.8,0.06,14.35,2,1,0.13,0.6,0,1472.94,12893.91,5333.1,37337.55,20.49
SD,regen,BAU,13,0,724.85,90.61,2536.98,0,107.25,750.75,600.6,0,518.42,340.67,370.3,0.018,0.0072,0.0021,0.0006,0.0002,20690.1,8232.51,2422.33,724.09,289.73,32180.06,32358.76,178.7,339.39135,-654.0560325,-1.866666667,995.3140492,819.08,95.87,936.89,10181.05,11854.08,0.18,0,-0.05,3116.41,16.16,3137.58,15.31,20.32,0,0,71.96,34.05,60.83,78.65,0.56,0,0,2.39,0.06,3.29,35.12,2.68,1284.6,175.22,252.14,0,0,0,539.8,0.06,14.35,2,1,0.13,0.6,0,1582.89,14171.37,5850.45,40515.02,14.22
SD,regen,BAU,14,0,726.75,90.84,2543.63,0,106.09,742.6,594.08,0,519.53,341.41,371.09,0.0182,0.0071,0.0021,0.0006,0.0002,20912.46,8204.17,2416.35,722.64,290.32,32358.76,32545.95,187.18,320.4740321,-685.0934984,-2.24,1007.807531,813.64,95.65,936.89,11031.03,12689.94,0.18,0,-0.06,3137.58,15.31,3157.21,15.49,19.81,0,0,71.73,33.91,60.91,78.58,0.57,0,0,2.42,0.06,3.31,35.33,2.67,1284.2,174.22,252.45,0,0,0,539.8,0.06,14.35,2,1,0.13,0.6,0,1693.34,15451.5,6367.16,43694.42,9.87
SD,regen,BAU,15,0,730,91.25,2555.01,0,105.87,741.09,592.87,0,521.22,342.51,372.3,0.0184,0.0071,0.0021,0.0006,0.0002,21130.38,8176.39,2410.38,721.18,290.83,32545.94,32729.17,183.23,389.0697638,-670.6361882,-2.24,1061.945952,811.39,95.24,936.89,11883.85,13544.04,0.19,0,-0.06,3157.21,15.49,3175.62,16.04,18.96,0,0,71.53,33.83,61.13,78.77,0.59,0,0,2.55,0.06,3.48,35.53,2.67,1283.8,174.12,252.48,0,0,0,539.8,0.06,14.35,2,1,0.13,0.6,0,1804.37,16738.75,6888.72,46889.52,6.85
SD,regen,BAU,16,0,735.68,91.96,2574.88,0,109.69,767.85,614.28,0,534.39,351.17,381.71,0.0187,0.0071,0.0021,0.0006,0.0002,21493.79,8147.45,2404.27,719.68,291.25,32729.17,33056.44,327.27,652.7525657,-1197.833899,-2.613333333,1853.199798,830.99,95.58,1250.89,12745.91,14595.96,0.2,0,-0.07,3175.62,16.04,3202.57,21.89,32.81,0,0,92.27,34.43,61.7,80.24,0.87,0,0,4.45,0.07,6.18,38.13,2.7,1283.4,176.77,248.94,0,0,0,539.8,0.06,14.35,2,1,0.13,0.6,0,1916.28,18049.49,7431.92,50136.08,4.76
SD,regen,BAU,17,0,739.73,92.47,2589.06,0,108.03,756.19,604.95,0,529.2,347.76,378,0.0188,0.0071,0.0021,0.0006,0.0002,21662.78,8120.67,2398.44,718.21,291.68,33056.45,33191.79,135.34,717.690533,-495.3550276,-2.986666667,1216.032227,834.79,96.32,936.89,13613.54,15346.12,0.2,0,-0.08,3202.57,21.89,3219.42,22.68,17.63,0,0,71.17,34.62,61.92,79.92,0.63,0,0,2.92,0.07,3.96,35.78,2.66,1282.99,175.05,251.53,0,0,0,539.8,0.06,14.35,2,1,0.13,0.6,0,2028.44,19356.59,7958.41,53378.3,3.3
SD,regen,BAU,18,0,742.78,92.85,2599.74,0,107.36,751.5,601.2,0,530.13,348.37,378.67,0.019,0.007,0.0021,0.0006,0.0002,21846.59,8094.2,2392.6,716.72,292.06,33191.79,33342.18,150.39,658.441857,-550.4392094,-2.986666667,1211.867733,829.55,96.28,936.89,14482,16194.26,0.21,0,-0.08,3219.42,22.68,3235.18,24.23,17.33,0,0,71.05,34.47,62.11,79.98,0.63,0,0,2.91,0.07,3.92,35.87,2.66,1282.58,174.66,251.79,0,0,0,539.8,0.06,14.35,2,1,0.13,0.6,0,2141.06,20669.43,8488.49,56629.84,2.29
SD,regen,BAU,19,0,746.98,93.37,2614.42,0,108.12,756.86,605.49,0,532.79,350.12,380.56,0.0192,0.007,0.0021,0.0006,0.0002,22034.02,8068.1,2386.77,715.22,292.39,33342.18,33496.49,154.32,689.867182,-564.823318,-2.986666667,1257.677167,832.89,96.24,936.89,15354.02,17065.67,0.21,0,-0.08,3235.18,24.23,3250.34,26.02,16.95,0,0,70.93,34.55,62.44,80.41,0.65,0,0,3.02,0.07,4.05,35.93,2.66,1282.17,174.37,251.85,0,0,0,539.8,0.06,14.35,2,1,0.13,0.6,0,2254.14,21988.45,9023.75,59900.93,1.59
SD,regen,BAU,20,0,750.7,93.84,2627.46,0,112.87,790.1,632.08,0,549.23,360.92,392.31,0.0195,0.007,0.0021,0.0006,0.0002,22373.55,8040.62,2380.77,713.68,292.64,33496.49,33801.27,304.78,917.5587978,-1115.518733,-3.36,2036.437531,859.42,97.16,1250.89,16235.79,18138.38,0.22,0,-0.09,3250.34,26.02,3274.6,32.67,30.9,0,0,91.74,35.4,62.89,82.08,0.92,0,0,4.89,0.08,6.71,38.38,2.68,1281.76,177.84,248.01,0,0,0,539.8,0.06,14.35,2,1,0.13,0.6,0,2368.24,23333.58,9583.5,63222.01,1.1
SD,regen,high_frequency,1,0,789.28,789.28,631.42,109.15,118.92,118.92,198.2,0,72.78,72.78,79.11,0.0141,0.0075,0.0022,0.0006,0.0002,16171.95,8632.49,2519.22,745.12,278.63,27021.44,28347.4,1325.96,-3716.210879,-4853.117721,0,1136.906843,291.47,220.24,1563.19,405.91,1154.8,0.05,0,0,2677.82,1.21,2719.04,7.98,47.99,0,0,81.28,12.55,45.09,42.5,0.14,0,0,2.73,0.02,4.01,16.85,3.46,1288.89,254.5,308.98,0,0,0,539.8,0.08,14.35,2,1,0.12,0.56,0,54.21,168.42,168.42,2770.8,154.6
SD,regen,high_frequency,2,0,686.52,686.52,549.21,128.2,142.76,142.76,237.94,0,66.66,66.66,72.45,0.0146,0.0075,0.0022,0.0006,0.0002,16807.76,8590.36,2508.62,744.55,281.78,28347.4,28933.07,585.67,-1831.261145,-2143.59819,0,312.3370447,292.26,49.98,1873.78,937.14,2567.38,0.09,0,0,2719.04,7.98,2776.96,9.45,59.38,0,0,112.63,12.81,32.71,43.99,0.22,0,0,0.75,0.02,1.07,33.51,3.35,1288.89,207.35,269.05,0,0,0,539.8,0.08,14.35,2,1,0.09,0.57,0,86.24,273.76,191.99,4333.63,107.3
SD,regen,high_frequency,3,0,710.11,710.11,568.09,128.85,164.17,164.17,273.61,0,76.85,76.85,83.53,0.0152,0.0074,0.0022,0.0006,0.0002,17478.55,8549.92,2498.96,743.83,284.32,28933.07,29555.58,622.51,-1803.683175,-2278.435483,0,474.7523078,365.01,66.4,1873.78,1370.59,3053.17,0.1,0,0,2776.96,9.45,2835.75,10.45,59.79,0,0,119.48,17.19,33.52,47.93,0.29,0,0,1.14,0.03,1.62,37.85,3.35,1288.85,213.66,269.11,0,0,0,539.8,0.08,14.35,2,1,0.09,0.57,0,123.14,429.26,287.94,5889.04,74.48
SD,regen,high_frequency,4,0,754.83,754.83,603.87,129.5,203.54,203.54,339.24,0,104.58,104.58,113.67,0.0159,0.0074,0.0022,0.0006,0.0002,18309.36,8509.71,2489.26,743.1,286.71,29555.58,30338.14,782.56,-1552.415464,-2864.231051,0,1311.815588,490.43,77.66,2187.78,1819.42,3792.62,0.12,0,0,2835.75,10.45,2902.39,11.72,67.92,0,0,138.97,22.33,33.79,55.56,0.61,0,0,3.15,0.04,4.53,41.63,3.36,1288.79,218.76,263.13,0,0,0,539.8,0.08,14.35,2,1,0.1,0.58,0,168.63,654.26,448.13,7500.84,51.69
SD,regen,high_frequency,5,0,752.53,752.53,602.02,130.14,186.37,186.37,310.62,0,89.82,89.82,97.63,0.0164,0.0074,0.0022,0.0006,0.0002,18920.97,8471.15,2479.9,741.97,288.39,30338.14,30902.38,564.24,-1365.527727,-2065.162707,0,699.63498,582.05,85.47,1873.78,2265.37,4242.34,0.12,0,0,2902.39,11.72,2957.94,12.4,56.22,0,0,117.28,26.01,34.72,52.88,0.39,0,0,1.68,0.04,2.36,40.15,3.32,1288.77,218.58,264.87,0,0,0,539.8,0.08,14.35,2,1,0.1,0.58,0,213.97,829.02,557.82,9058.42,35.88
SD,regen,high_frequency,6,0,768.19,768.19,614.55,130.78,193.61,193.61,322.69,0,97.55,97.55,106.03,0.017,0.0073,0.0021,0.0006,0.0002,19542.65,8433.74,2470.87,740.74,289.83,30902.38,31477.84,575.46,-1311.183781,-2106.228788,-0.373333333,795.4183403,662.89,90.31,1873.78,2706.91,4758.35,0.13,0,-0.01,2957.94,12.4,3012.12,13.48,55.27,0,0,117.83,28.98,34.95,54.9,0.44,0,0,1.91,0.05,2.65,41.61,3.3,1288.74,219.42,263.77,0,0,0,539.8,0.08,14.35,2,1,0.1,0.58,0,259.69,1013.65,679.36,10625.66,24.9
SD,regen,high_frequency,7,0,770.74,770.74,616.59,131.42,205.53,205.53,342.56,0,100.14,100.14,108.85,0.0175,0.0073,0.0021,0.0006,0.0002,20143.44,8397.41,2462.02,739.49,291.14,31477.83,32033.5,555.67,-1110.398182,-2033.795834,-1.12,924.5176522,730.91,93.64,1873.78,3150.12,5292.68,0.14,0,-0.03,3012.12,13.48,3064.49,14.51,53.4,0,0,117.52,31.36,34.39,56.35,0.49,0,0,2.22,0.05,3.07,42.72,3.28,1288.73,221.29,261.7,0,0,0,539.8,0.08,14.35,2,1,0.1,0.59,0,305.61,1195.05,803.8,12172.05,17.28
SD,regen,high_frequency,8,0,797.52,797.52,638.02,132.05,245.84,245.84,409.73,0,123.7,123.7,134.46,0.0182,0.0073,0.0021,0.0006,0.0002,20881.92,8360.67,2453.01,738.4,292.61,32033.5,32726.61,693.1,-744.143543,-2536.800426,-2.24,1794.896883,818.52,96.25,2187.78,3612.64,6022,0.15,0,-0.06,3064.49,14.51,3124.34,15.99,61.34,0,0,136.98,34.18,34.57,63,0.83,0,0,4.31,0.06,6.04,45.97,3.28,1288.69,225.85,256.44,0,0,0,539.8,0.08,14.35,2,1,0.1,0.59,0,354.87,1445.21,989.64,13818.96,12
SD,regen,high_frequency,9,0,797.63,797.63,638.11,132.68,225.71,225.71,376.18,0,108.35,108.35,117.77,0.0186,0.0072,0.0021,0.0006,0.0002,21410.66,8325.66,2444.57,737.1,293.71,32726.61,33211.7,485.1,-545.4272236,-1775.504093,-2.613333333,1232.690203,884.33,98.59,1873.78,4075.9,6447.43,0.15,0,-0.07,3124.34,15.99,3172.98,16.46,49.11,0,0,114.96,36.33,34.58,59.95,0.61,0,0,2.96,0.06,4.03,43.67,3.23,1288.68,225.33,258.39,0,0,0,539.8,0.08,14.35,2,1,0.1,0.59,0,404.31,1642.98,1125.06,15397.86,8.33
SD,regen,high_frequency,10,0,809.63,809.63,647.7,132.47,234.08,234.08,390.14,0,112.5,112.5,122.28,0.0191,0.0072,0.0021,0.0006,0.0002,21950.15,8291.35,2436.2,735.8,294.73,33211.7,33708.24,496.54,-500.2174824,-1817.375391,-2.986666667,1320.144575,943,100.23,1873.78,4540.84,6961.22,0.16,0,-0.08,3172.98,16.46,3220.2,17.5,48.26,0,0,114.96,38.19,36.05,61.75,0.65,0,0,3.17,0.07,4.28,44.35,3.21,1288.66,224.54,258.72,0,0,0,539.8,0.08,14.35,2,1,0.1,0.59,0,453.85,1867.79,1274.09,17061.23,5.78
SD,regen,high_frequency,11,0,815.95,815.95,652.76,132.21,244.11,244.11,406.86,0,117.89,117.89,128.14,0.0195,0.0072,0.0021,0.0006,0.0002,22479.3,8257.72,2427.88,734.49,295.7,33708.24,34195.09,486.84,-319.3307662,-1781.872629,-3.36,1465.901863,997.69,101.7,1873.78,5023.4,7509.67,0.17,0,-0.09,3220.2,17.5,3266.25,18.43,46.98,0,0,115.03,39.9,36.23,63.24,0.7,0,0,3.52,0.07,4.71,45.06,3.2,1288.64,225.28,257.72,0,0,0,539.8,0.08,14.35,2,1,0.1,0.59,0,503.62,2101.19,1432.13,18749.29,4.01
SD,regen,high_frequency,12,0,811.21,811.21,648.97,133.88,273.22,273.22,455.36,0,152.13,152.13,165.35,0.0201,0.0071,0.0021,0.0006,0.0002,23121.41,8223.49,2419.51,733.25,296.73,34195.09,34794.39,599.3,142.8538611,-2193.48506,-4.106666667,2340.445588,1038.35,102.62,2187.78,5510.85,8240.27,0.18,0,-0.11,3266.25,18.43,3319.37,19.7,54.39,0,0,134.83,41.15,33.14,68.23,1.02,0,0,5.62,0.08,7.64,48.23,3.2,1288.64,232.04,250.92,0,0,0,539.8,0.08,14.35,2,1,0.1,0.59,0,556.06,2354.3,1635.32,20380.92,2.78
SD,regen,high_frequency,13,0,822.67,822.67,658.14,133.21,256.28,256.28,427.14,0,131.6,131.6,143.04,0.0205,0.0071,0.0021,0.0006,0.0002,23578.47,8191.17,2411.44,731.9,297.54,34794.39,35210.52,416.14,238.1603475,-1523.105078,-4.48,1765.745426,1085.48,103.26,1873.78,5988.4,8634.71,0.18,0,-0.12,3319.37,19.7,3361.42,19.95,42.31,0,0,112.65,42.54,35.05,65.44,0.78,0,0,4.24,0.08,5.58,45.56,3.15,1288.62,229.4,254.04,0,0,0,539.8,0.08,14.35,2,1,0.1,0.59,0,608.12,2591.36,1802.88,22044.2,1.93
SD,regen,high_frequency,14,0,818.79,818.79,655.03,132.96,269.19,269.19,448.64,0,128.37,128.37,139.54,0.0209,0.0071,0.0021,0.0006,0.0002,24036.43,8159.4,2403.45,730.58,298.34,35210.52,35628.19,417.67,311.6858123,-1528.704998,-4.48,1844.87081,1119.21,103.9,1873.78,6478.3,9157.49,0.18,0,-0.12,3361.42,19.95,3402.07,20.74,41.43,0,0,112.5,43.55,35.76,66.5,0.81,0,0,4.43,0.08,5.76,45.95,3.14,1288.62,230.54,252.76,0,0,0,539.8,0.08,14.35,2,1,0.1,0.59,0,660.16,2839.01,1973.33,23756.18,1.34
SD,regen,high_frequency,15,0,827.96,827.96,662.37,133.31,270.69,270.69,451.15,0,134.91,134.91,146.64,0.0213,0.0071,0.0021,0.0006,0.0002,24493.15,8128.09,2395.53,729.23,299.07,35628.19,36045.06,416.87,439.1753597,-1525.776935,-4.853333333,1969.805628,1156,104.36,1873.78,6974.31,9691.52,0.18,0,-0.13,3402.07,20.74,3441.54,21.38,40.11,0,0,112.23,44.62,34.9,67.3,0.84,0,0,4.73,0.09,6.1,46.36,3.12,1288.6,231.4,251.86,0,0,0,539.8,0.08,14.35,2,1,0.1,0.59,0,712.79,3082.56,2149.82,25438,0.93
SD,regen,high_frequency,16,0,843.94,843.94,675.15,135.32,301.44,301.44,502.39,0,158.44,158.44,172.22,0.0218,0.007,0.0021,0.0006,0.0002,25085.04,8095.84,2387.54,727.95,299.86,36045.05,36596.24,551.18,805.1026288,-2017.362082,-5.226666667,2827.691378,1204.76,105.27,2187.78,7472.88,10419.47,0.19,0,-0.14,3441.54,21.38,3489.22,22.44,48.75,0,0,132.19,46.07,33.06,72.64,1.12,0,0,6.79,0.1,8.91,49.06,3.13,1288.59,235.39,247.59,0,0,0,539.8,0.08,14.35,2,1,0.1,0.59,0,768.32,3359.37,2374.47,27119.28,0.65
SD,regen,high_frequency,17,0,834.83,834.83,667.86,134.69,281.13,281.13,468.56,0,139.84,139.84,151.99,0.0221,0.007,0.0021,0.0006,0.0002,25473.1,8065.44,2379.77,726.58,300.49,36596.24,36945.39,349.15,957.3546496,-1277.916417,-5.226666667,2240.497733,1228.72,106.08,1873.78,7963.95,10823.32,0.19,0,-0.14,3489.22,22.44,3525.99,22.47,36.8,0,0,110.36,46.82,34.55,69.03,0.88,0,0,5.38,0.09,6.79,46.58,3.09,1288.58,234.01,249.82,0,0,0,539.8,0.08,14.35,2,1,0.1,0.59,0,823.12,3605.35,2550.93,28804.08,0.45
SD,regen,high_frequency,18,0,839.16,839.16,671.33,134.39,285.19,285.19,475.32,0,143.98,143.98,156.5,0.0225,0.007,0.0021,0.0006,0.0002,25877.6,8035.41,2372.08,725.21,301.08,36945.39,37311.38,365.98,962.0140977,-1339.515539,-5.6,2307.129637,1250.93,106.37,1873.78,8458.31,11323.4,0.2,0,-0.15,3525.99,22.47,3561.5,23.02,36.05,0,0,110.04,47.46,34.27,69.73,0.9,0,0,5.54,0.09,6.91,46.58,3.08,1288.58,234.13,249.35,0,0,0,539.8,0.08,14.35,2,1,0.1,0.59,0,877.7,3856.47,2735.63,30486.42,0.31
SD,regen,high_frequency,19,0,843.24,843.24,674.59,134.97,288.82,288.82,481.37,0,146.26,146.26,158.97,0.0228,0.007,0.0021,0.0006,0.0002,26278.75,8005.6,2364.45,723.83,301.62,37311.37,37674.24,362.87,1081.673784,-1328.132694,-5.6,2415.406478,1277.43,106.76,1873.78,8956.13,11851.2,0.2,0,-0.15,3561.5,23.02,3596.14,23.47,35.1,0,0,109.74,48.23,34.74,70.58,0.91,0,0,5.8,0.1,7.15,46.75,3.06,1288.57,234.52,248.97,0,0,0,539.8,0.08,14.35,2,1,0.1,0.59,0,932.99,4117.3,2924.41,32200.16,0.22
SD,regen,high_frequency,20,0,866.74,866.74,693.39,136.46,318.46,318.46,530.76,0,175.45,175.45,190.71,0.0233,0.0069,0.002,0.0006,0.0002,26828.41,7974.79,2356.73,722.51,302.24,37674.24,38184.68,510.44,1399.068412,-1868.250482,-5.973333333,3273.292228,1324.89,107.67,2187.78,9467.36,12577.24,0.21,0,-0.16,3596.14,23.47,3639.6,24.36,44.35,0,0,129.95,49.64,32.59,76.02,1.16,0,0,7.86,0.11,9.89,49.12,3.07,1288.55,238.33,244.99,0,0,0,539.8,0.08,14.35,2,1,0.1,0.59,0,990.59,4413.83,3170.23,33900.84,0.15
SD,regen,high_intensity,1,0,819.58,819.58,389.3,0,113.54,113.54,3179.16,0,574.1,574.1,459.28,0.0143,0.0076,0.0022,0.0006,0.0002,16391.68,8692.27,2525.14,745.67,279.54,27021.44,28634.29,1612.85,-4757.92182,-5903.15765,0,1145.23583,51.05,401.2,2187.78,508.47,1535.6,0.06,0,0,2677.82,1.21,2733.74,8.66,63.36,0,0,115.76,7.22,60.52,68.87,0.22,0,0,2.75,0.03,4.01,29.67,2.89,1289,258.49,306.74,0,0,0,539.8,0.06,14.35,2,1.01,0.11,0.64,0,116.2,134.1,134.1,3824.39,110.36
SD,regen,high_intensity,2,0,686.92,85.87,2404.23,0,110.77,775.4,620.32,0,512.02,336.47,365.73,0.0154,0.0075,0.0022,0.0006,0.0002,17665.29,8641.72,2517.19,745.28,282.98,28634.29,29852.46,1218.17,-4046.312958,-4458.597857,0,412.2848989,115.76,42.61,3530.69,1379.22,3849.97,0.11,0,0,2733.74,8.66,2844.55,11.4,113.56,0,0,216.03,8.28,58.29,77.3,0.54,0,0,0.99,0.05,1.31,68.73,3.06,1288.94,177.66,246.62,0,0,0,539.8,0.06,14.35,2,1,0.13,0.6,0,202.78,849.88,469.24,7191.77,0
SD,regen,high_intensity,3,0,694.15,86.77,2429.53,0,111.81,782.65,626.12,0,521.68,342.82,372.63,0.0165,0.0075,0.0022,0.0006,0.0002,19014.63,8592,2509.29,744.58,285.58,29852.46,31146.09,1293.63,-3927.248894,-4734.787383,-0.373333333,807.9118222,219.34,66.54,3747.56,2261.52,5001.22,0.13,0,-0.01,2844.55,11.4,2966.55,19.47,130.06,0,0,247.23,14.04,58.87,78.25,0.83,0,0,1.94,0.08,2.59,82.79,3.08,1288.76,183.18,239.59,0,0,0,539.8,0.06,14.35,2,1,0.13,0.6,0,304.28,1602.08,845.03,10469.68,0
SD,regen,high_intensity,4,0,707.38,88.42,2475.83,0,116.1,812.69,650.15,0,534.12,350.99,381.52,0.0178,0.0074,0.0022,0.0006,0.0002,20429.48,8543.45,2500.56,743.47,287.46,31146.09,32504.41,1358.32,-3024.814705,-4971.557863,-2.24,1948.983158,329.34,81.3,4061.56,3135.16,6248.97,0.15,0,-0.06,2966.55,19.47,3093.1,37.15,144.24,0,0,269.05,18.87,60.05,80.17,1.32,0,0,4.68,0.11,6.41,86.81,3.12,1288.56,186.78,235.3,0,0,0,539.8,0.06,14.35,2,1,0.14,0.6,0,409.23,2380.44,1226.01,13739.64,0
SD,regen,high_intensity,5,0,711.35,88.92,2489.73,0,116.74,817.18,653.75,0,537.27,353.06,383.76,0.0188,0.0074,0.0022,0.0006,0.0002,21603.28,8497.43,2492.17,742.15,288.89,32504.4,33623.91,1119.51,-2476.701878,-4097.49451,-3.36,1624.152632,415.66,90.85,3747.56,4002.79,7137.28,0.16,0,-0.09,3093.1,37.15,3204.99,53.16,127.89,0,0,248.68,22.41,60.36,80.58,1.21,0,0,3.9,0.12,5.1,86.36,3.09,1288.36,186.58,235.83,0,0,0,539.8,0.06,14.35,2,1,0.14,0.6,0,515.18,3158.19,1595.16,16969.37,0
SD,regen,high_intensity,6,0,716.01,89.5,2506.05,0,117.57,823.01,658.41,0,542.76,356.67,387.69,0.0198,0.0073,0.0022,0.0006,0.0002,22738.74,8453.39,2483.81,740.72,290.05,33623.91,34706.71,1082.8,-1964.491447,-3963.133027,-4.48,2003.12158,483.24,96.65,3747.56,4864.85,8109.42,0.17,0,-0.12,3204.99,53.16,3311.54,72.69,126.08,0,0,249,24.99,60.73,81.18,1.36,0,0,4.81,0.14,6.17,88.02,3.08,1288.15,187.22,234.73,0,0,0,539.8,0.06,14.35,2,1,0.14,0.6,0,622.09,3942.17,1962.39,20189.83,0
SD,regen,high_intensity,7,0,720.62,90.08,2522.16,0,118.07,826.51,661.21,0,552.21,362.88,394.44,0.0207,0.0073,0.0022,0.0006,0.0002,23821.61,8411.02,2475.54,739.22,291.03,34706.72,35738.43,1031.71,-1336.808346,-3776.139615,-5.226666667,2444.557936,537.17,100.26,3747.56,5726.68,9079.95,0.18,0,-0.14,3311.54,72.69,3412.84,94.91,123.52,0,0,249.15,26.91,61.08,81.9,1.49,0,0,5.87,0.15,7.4,89.38,3.07,1287.95,188.04,233.79,0,0,0,539.8,0.06,14.35,2,1,0.14,0.6,0,729.81,4736.71,2331.24,23415.35,0
SD,regen,high_intensity,8,0,725.51,90.69,2539.28,0,120.25,841.77,673.41,0,560.49,368.32,400.35,0.0217,0.0073,0.0021,0.0006,0.0002,24992.6,8369.5,2466.99,737.69,291.86,35738.43,36858.64,1120.22,-428.8183601,-4100.093166,-5.973333333,3677.248139,587.35,102.81,4061.56,6592.73,10224.23,0.19,0,-0.16,3412.84,94.91,3518.67,124.45,135.37,0,0,270.06,28.61,61.52,82.85,1.87,0,0,8.83,0.18,11.2,93.18,3.08,1287.74,189.49,230.59,0,0,0,539.8,0.06,14.35,2,1,0.14,0.6,0,839.19,5542.62,2705.96,26661.97,0
SD,regen,high_intensity,9,0,729.95,91.24,2554.83,0,119.8,838.61,670.89,0,562.38,369.56,401.7,0.0225,0.0072,0.0021,0.0006,0.0002,25937.54,8329.94,2458.95,736.13,292.58,36858.65,37755.14,896.49,106.4920883,-3281.223797,-6.346666667,3394.062552,623.74,104.68,3747.56,7461.22,11040.63,0.19,0,-0.17,3518.67,124.45,3610.29,151.36,118.52,0,0,249.17,29.84,61.83,83.06,1.67,0,0,8.15,0.19,9.86,91.44,3.05,1287.53,188.63,231.96,0,0,0,539.8,0.06,14.35,2,1,0.14,0.6,0,948.34,6349.12,3073.58,29910.58,0
SD,regen,high_intensity,10,0,733.92,91.74,2568.71,0,121.12,847.82,678.26,0,565.34,371.51,403.82,0.0234,0.0072,0.0021,0.0006,0.0002,26866.44,8291.64,2451,734.55,293.2,37755.14,38636.83,881.69,551.7503458,-3227.054635,-6.72,3785.524981,657.53,105.88,3747.56,8332.14,11961.45,0.19,0,-0.18,3610.29,151.36,3697.59,180.74,116.68,0,0,249.25,30.92,62.16,83.58,1.71,0,0,9.09,0.2,10.72,92.25,3.04,1287.32,188.86,231.69,0,0,0,539.8,0.06,14.35,2,1,0.14,0.6,0,1058.34,7159.92,3444.35,33175.23,0
SD,regen,high_intensity,11,0,736.86,92.11,2579.02,0,120.27,841.88,673.5,0,568.72,373.73,406.23,0.0241,0.0072,0.0021,0.0006,0.0002,27754.18,8254.42,2443.14,732.95,293.74,38636.84,39478.43,841.6,1131.216929,-3080.322087,-7.093333333,4218.63235,680.79,106.71,3747.56,9206.19,12899.62,0.2,0,-0.19,3697.59,180.74,3780.91,212.03,114.62,0,0,249.35,31.65,62.33,83.72,1.72,0,0,10.13,0.21,11.65,93.06,3.03,1287.11,188.34,231.1,0,0,0,539.8,0.06,14.35,2,1,0.14,0.6,0,1168.73,7973.56,3811.02,36443.38,0
SD,regen,high_intensity,12,0,741.89,92.74,2596.62,0,121.8,852.58,682.06,0,576.42,378.79,411.73,0.025,0.0071,0.0021,0.0006,0.0002,28748.86,8217.55,2435.11,731.36,294.24,39478.43,40427.11,948.68,2009.093036,-3472.243295,-7.466666667,5488.802998,706.41,107.26,4061.56,10085.33,14011.89,0.2,0,-0.2,3780.91,212.03,3870.43,249.12,126.6,0,0,270.28,32.42,62.76,84.54,1.94,0,0,13.18,0.23,15.09,96.43,3.08,1286.89,190.15,228.27,0,0,0,539.8,0.06,14.35,2,1,0.14,0.6,0,1280.71,8802.84,4189.34,39744.62,0
SD,regen,high_intensity,13,0,746.61,93.33,2613.13,0,121.17,848.21,678.57,0,575.65,378.29,411.18,0.0257,0.0071,0.0021,0.0006,0.0002,29538,8182.21,2427.53,729.75,294.66,40427.11,41172.16,745.05,2479.538227,-2726.941505,-7.466666667,5213.946398,725.1,107.8,3747.56,10969.39,14804.81,0.2,0,-0.2,3870.43,249.12,3946.94,282.56,109.96,0,0,249.39,33,63.08,84.62,1.69,0,0,12.52,0.23,13.65,94.27,3.05,1286.68,188.83,229.58,0,0,0,539.8,0.06,14.35,2,1,0.14,0.6,0,1392.54,9631,4560.61,43053.09,0
SD,regen,high_intensity,14,0,750.03,93.75,2625.11,0,120.9,846.27,677.01,0,578.53,380.18,413.24,0.0264,0.0071,0.0021,0.0006,0.0002,30321.79,8147.64,2420.02,728.15,295.05,41172.16,41912.64,740.48,2854.411264,-2710.214946,-7.466666667,5572.092877,738.97,107.94,3747.56,11856.18,15710.21,0.2,0,-0.2,3946.94,282.56,4020.52,317.74,108.75,0,0,249.47,33.39,63.31,84.86,1.63,0,0,13.38,0.24,14.12,94.58,3.04,1286.46,188.63,229.26,0,0,0,539.8,0.06,14.35,2,1,0.14,0.6,0,1504.89,10464.24,4933.94,46374.4,0
SD,regen,high_intensity,15,0,753.49,94.19,2637.22,0,121.21,848.45,678.76,0,583.41,383.38,416.72,0.027,0.0071,0.0021,0.0006,0.0002,31089.28,8113.78,2412.58,726.55,295.39,41912.64,42637.58,724.95,3340.195157,-2653.373927,-7.466666667,6001.035751,753.88,108.01,3747.56,12747.72,16632.25,0.2,0,-0.2,4020.52,317.74,4091.65,353.73,107.13,0,0,249.51,33.8,63.56,85.28,1.56,0,0,14.41,0.25,14.77,94.7,3.03,1286.24,189.24,228.74,0,0,0,539.8,0.06,14.35,2,1,0.14,0.6,0,1618.21,11306.87,5312.84,49715.63,0
SD,regen,high_intensity,16,0,757.52,94.69,2651.31,0,123.56,864.93,691.94,0,593.85,390.24,424.18,0.0278,0.007,0.0021,0.0006,0.0002,31986.93,8079.95,2404.94,724.94,295.7,42637.58,43492.46,854.88,4193.11472,-3128.92793,-7.466666667,7329.509317,777.13,108.5,4061.56,13646.3,17738.63,0.21,0,-0.2,4091.65,353.73,4170.77,393.21,118.59,0,0,270.41,34.5,63.94,86.3,1.65,0,0,17.6,0.27,17.91,98.73,3.1,1286.02,190.63,225.86,0,0,0,539.8,0.06,14.35,2,1,0.14,0.6,0,1732.59,12163.99,5703.14,53089.4,0
SD,regen,high_intensity,17,0,760.82,95.1,2662.85,0,124.18,869.27,695.41,0,595.79,391.52,425.56,0.0284,0.007,0.0021,0.0006,0.0002,32685.81,8047.35,2397.71,723.34,295.98,43492.46,44150.19,657.73,4510.743286,-2407.343448,-7.466666667,6925.5534,796.22,109.39,3747.56,14550.46,18545.89,0.21,0,-0.2,4170.77,393.21,4238.03,429.08,103.14,0,0,249.43,35.12,64.2,86.63,1.49,0,0,16.63,0.26,16.18,95.36,3.08,1285.79,190.64,227.25,0,0,0,539.8,0.06,14.35,2,1,0.14,0.6,0,1847.4,13025.13,6091.09,56475,0
SD,regen,high_intensity,18,0,764.14,95.52,2674.48,0,124.17,869.22,695.38,0,597.43,392.59,426.73,0.029,0.007,0.0021,0.0006,0.0002,33377.18,8015.21,2390.51,721.74,296.22,44150.18,44800.86,650.67,4631.993469,-2381.503294,-7.84,7021.336763,808.17,110.03,3747.56,15457.13,19472.23,0.22,0,-0.21,4238.03,429.08,4302.93,466.57,102.39,0,0,249.42,35.52,64.43,86.84,1.5,0,0,16.86,0.27,16.32,96.08,3.09,1285.57,190.07,227.39,0,0,0,539.8,0.06,14.35,2,1,0.14,0.6,0,1962.79,13888.6,6477.49,59868.63,0
SD,regen,high_intensity,19,0,766.5,95.81,2682.75,0,124.98,874.83,699.86,0,599.49,393.95,428.21,0.0296,0.0069,0.0021,0.0006,0.0002,34053.16,7983.59,2383.38,720.14,296.44,44800.86,45436.71,635.85,4869.100234,-2327.26093,-8.213333333,7204.574497,821.16,110.53,3747.56,16367.16,20410.58,0.22,0,-0.22,4302.93,466.57,4365.74,504.42,100.66,0,0,249.4,35.92,64.62,87.15,1.54,0,0,17.3,0.27,16.77,96.93,3.1,1285.34,190.64,227.28,0,0,0,539.8,0.06,14.35,2,1,0.14,0.6,0,2078.7,14758.63,6868.59,63276.76,0
SD,regen,high_intensity,20,0,772.04,96.5,2702.13,0,126.04,882.29,705.83,0,604.39,397.17,431.7,0.0303,0.0069,0.0021,0.0006,0.0002,34850.19,7951.76,2376.06,718.54,296.63,45436.7,46193.18,756.47,5485.029688,-2768.739602,-8.586666667,8262.355957,836.34,111.17,4061.56,17282.28,21534.89,0.24,0,-0.23,4365.74,504.42,4436.32,546.01,112.18,0,0,270.32,36.41,65.07,87.8,1.85,0,0,19.84,0.29,19.74,101.79,3.14,1285.11,190.96,225.32,0,0,0,539.8,0.06,14.35,2,1,0.14,0.6,0,2195.43,15637.88,7263.59,66709.73,0
SD,organic,high_intensity,1,0,1184.32,1184.32,947.46,0,0,0,0,0,0,0,0,0.0134,0.0074,0.0022,0.0006,0.0002,15405.22,8555.31,2502.67,735.63,265.14,27021.44,27463.96,442.53,-1603.036574,-1619.69455,0,16.65797572,2.9,27.23,1097.23,95.59,780.34,0.08,0,0,2677.82,1.21,2694.53,8.88,24.38,0,0,51.54,3.3,22.94,38.79,0.1,0,0,0.04,0.01,0.06,11.71,3.1,1289.12,65.11,497.18,0,0,0,539.8,22.11,14.35,2,1,0.19,0.48,0,0,0,0,761.48,0
SD,organic,high_intensity,2,0,1172.24,1172.24,937.8,0,0,0,0,0,0,0,0,0.0136,0.0074,0.0022,0.0006,0.0002,15675.71,8517.75,2490.36,732.7,269.89,27463.96,27686.43,222.47,-710.1453213,-814.2576695,0,104.1123482,3,78.77,1085.98,248.56,1193.71,0.1,0,0,2694.53,8.88,2711.31,9.26,17.16,0,0,50.99,9.4,20.61,42.75,0.18,0,0,0.25,0.02,0.35,12.53,3.51,1289.04,71.46,445.94,0,0,0,539.8,0.06,14.35,2,1,0.18,0.5,0,0,0,0,1205.2,0
SD,organic,high_intensity,3,0,1037.81,1037.81,830.24,0,0,0,0,0,0,0,0,0.0138,0.0074,0.0022,0.0006,0.0002,15829.25,8480.36,2477.02,728.19,269.87,27686.43,27784.69,98.26,-251.3624737,-359.6393159,0,108.2768422,2.42,105.58,961.55,322.78,1293.98,0.1,0,0,2711.31,9.26,2723.82,9.13,12.37,0,0,45.13,12.55,17.34,39.68,0.17,0,0,0.26,0.02,0.37,11.75,3.5,1289.09,66.06,420.46,0,0,0,539.8,0.06,14.35,2,1,0.15,0.51,0,0,0,0,1374.35,0
SD,organic,high_intensity,4,0,1038,1038,830.4,0,0,0,0,0,0,0,0,0.0139,0.0073,0.0021,0.0006,0.0002,15986.61,8443.92,2464.03,723.69,269.22,27784.69,27887.47,102.78,-276.2350165,-376.1828708,0,99.94785428,2.43,117,961.73,355.78,1334.09,0.1,0,0,2723.82,9.13,2734.95,9.48,11.48,0,0,45.12,13.89,17.21,39.94,0.18,0,0,0.24,0.02,0.34,12.51,3.5,1289.09,66.21,419.64,0,0,0,539.8,0.06,14.35,2,1,0.15,0.51,0,0,0,0,1472.38,0
SD,organic,high_intensity,5,0,1042.29,1042.29,833.83,0,0,0,0,0,0,0,0,0.014,0.0073,0.0021,0.0006,0.0002,16136.02,8408.26,2451.44,719.32,268.4,27887.47,27983.43,95.96,-205.4638478,-351.2211353,0,145.7572875,2.44,123.72,965.69,375.25,1371.03,0.1,0,0,2734.95,9.48,2744.96,9.79,10.32,0,0,45.29,14.68,17.17,40.33,0.2,0,0,0.35,0.02,0.49,13.26,3.49,1289.09,66.58,418.85,0,0,0,539.8,0.06,14.35,2,1,0.14,0.51,0,0,0,0,1531.91,0
SD,organic,high_intensity,6,0,1051.55,1051.55,841.24,0,0,0,0,0,0,0,0,0.0142,0.0073,0.0021,0.0006,0.0002,16277.38,8373.34,2439.22,715.08,267.48,27983.43,28072.5,89.06,-142.7288607,-325.9665935,0,183.2377328,2.45,127.95,974.28,387.65,1403.18,0.1,0,0,2744.96,9.79,2754.06,10.08,9.38,0,0,45.68,15.17,17.22,40.86,0.21,0,0,0.44,0.02,0.62,13.95,3.48,1289.09,67.2,418.09,0,0,0,539.8,0.06,14.35,2,1,0.14,0.51,0,0,0,0,1572.41,0
SD,organic,high_intensity,7,0,1058.7,1058.7,846.96,0,0,0,0,0,0,0,0,0.0143,0.0072,0.0021,0.0006,0.0002,16409.13,8339.05,2427.33,710.97,266.55,28072.5,28153.03,80.53,-74.02794538,-294.7461236,0,220.7181782,2.47,130.85,980.9,396.15,1429.76,0.1,0,0,2754.06,10.08,2762.28,10.34,8.49,0,0,45.97,15.51,17.25,41.3,0.22,0,0,0.53,0.02,0.75,14.56,3.48,1289.08,67.64,417.47,0,0,0,539.8,0.06,14.35,2,1,0.14,0.51,0,0,0,0,1600.51,0
SD,organic,high_intensity,8,0,1071.79,1071.79,857.43,0,0,0,0,0,0,0,0,0.0144,0.0072,0.0021,0.0006,0.0002,16535.22,8305.38,2415.71,706.96,265.6,28153.03,28228.86,75.83,-19.34513105,-277.5437546,0,258.1986236,2.48,133.06,993.04,402.74,1455.39,0.1,0,0,2762.28,10.34,2769.87,10.59,7.83,0,0,46.52,15.76,17.4,41.9,0.23,0,0,0.62,0.02,0.87,15.13,3.47,1289.08,68.36,416.83,0,0,0,539.8,0.06,14.35,2,1,0.15,0.51,0,0,0,0,1625.31,0
SD,organic,high_intensity,9,0,1082.17,1082.17,865.74,0,0,0,0,0,0,0,0,0.0145,0.0072,0.0021,0.0006,0.0002,16654.9,8272.24,2404.36,703.04,264.66,28228.86,28299.19,70.33,38.26574625,-257.4133227,0,295.6790689,2.49,134.97,1002.67,408.47,1478.17,0.11,0,0,2769.87,10.59,2776.81,10.85,7.21,0,0,46.96,15.98,17.54,42.35,0.25,0,0,0.71,0.02,1,15.69,3.46,1289.08,68.82,416.42,0,0,0,539.8,0.06,14.35,2,1,0.15,0.51,0,0,0,0,1646.43,0
SD,organic,high_intensity,10,0,1091.37,1091.37,873.1,0,0,0,0,0,0,0,0,0.0146,0.0072,0.0021,0.0006,0.0002,16767.89,8239.58,2393.22,699.2,263.73,28299.19,28363.63,64.44,93.13956013,-235.8554602,0,328.9950203,2.51,136.61,1011.19,413.39,1499.14,0.11,0,0,2776.81,10.85,2783.15,11.11,6.6,0,0,47.34,16.17,17.65,42.75,0.26,0,0,0.79,0.03,1.12,16.2,3.45,1289.07,69.22,416.07,0,0,0,539.8,0.06,14.35,2,1,0.15,0.51,0,0,0,0,1664.66,0
SD,organic,high_intensity,11,0,1100.11,1100.11,880.09,0,0,0,0,0,0,0,0,0.0147,0.0071,0.0021,0.0006,0.0002,16874.94,8207.4,2382.29,695.44,262.81,28363.62,28422.88,59.26,145.4147184,-216.8962534,0,362.3109718,2.52,138.05,1019.29,417.69,1518.21,0.11,0,0,2783.15,11.11,2788.97,11.34,6.06,0,0,47.7,16.33,17.76,43.13,0.27,0,0,0.87,0.03,1.23,16.66,3.44,1289.07,69.56,415.78,0,0,0,539.8,0.06,14.35,2,1,0.15,0.51,0,0,0,0,1680.91,0
SD,organic,high_intensity,12,0,1108.46,1108.46,886.77,0,0,0,0,0,0,0,0,0.0148,0.0071,0.0021,0.0006,0.0002,16976.64,8175.68,2371.54,691.75,261.9,28422.88,28477.52,54.64,191.4757387,-199.9866906,0,391.4624293,2.53,139.34,1027.03,421.58,1535.73,0.11,0,0,2788.97,11.34,2794.32,11.57,5.57,0,0,48.05,16.47,17.87,43.48,0.29,0,0,0.94,0.03,1.32,17.11,3.43,1289.07,69.85,415.5,0,0,0,539.8,0.06,14.35,2,1,0.15,0.51,0,0,0,0,1695.76,0
SD,organic,high_intensity,13,0,1117.05,1117.05,893.64,0,0,0,0,0,0,0,0,0.0148,0.0071,0.0021,0.0006,0.0002,17073.92,8144.38,2360.97,688.11,261,28477.52,28528.4,50.87,234.4256922,-186.1881946,0,420.6138868,2.54,140.54,1035,425.2,1552.33,0.11,0,0,2794.32,11.57,2799.24,11.79,5.14,0,0,48.4,16.61,17.99,43.82,0.3,0,0,1.01,0.03,1.42,17.51,3.43,1289.06,70.14,415.25,0,0,0,539.8,0.06,14.35,2,1,0.15,0.51,0,0,0,0,1709.96,0
SD,organic,high_intensity,14,0,1123.49,1123.49,898.79,0,0,0,0,0,0,0,0,0.0149,0.0071,0.002,0.0006,0.0002,17165.96,8113.45,2350.54,684.54,260.11,28528.4,28574.61,46.21,284.7976095,-169.1322287,0,453.9298382,2.55,141.65,1040.96,428.52,1567.33,0.11,0,0,2799.24,11.79,2803.73,11.99,4.69,0,0,48.67,16.73,18.07,44.09,0.31,0,0,1.09,0.03,1.52,17.85,3.42,1289.06,70.32,415,0,0,0,539.8,0.06,14.35,2,1,0.15,0.51,0,0,0,0,1722.37,0
SD,organic,high_intensity,15,0,1130.58,1130.58,904.46,0,0,0,0,0,0,0,0,0.015,0.007,0.002,0.0006,0.0002,17254.06,8082.88,2340.26,681.01,259.23,28574.61,28617.44,42.83,322.1556386,-156.7611632,0,478.9168018,2.57,142.65,1047.53,431.55,1581.3,0.11,0,0,2803.73,11.99,2807.87,12.18,4.33,0,0,48.96,16.84,18.17,44.38,0.32,0,0,1.15,0.03,1.61,18.17,3.41,1289.06,70.51,414.83,0,0,0,539.8,0.06,14.35,2,1,0.15,0.51,0,0,0,0,1734.18,0
SD,organic,high_intensity,16,0,1137.32,1137.32,909.86,0,0,0,0,0,0,0,0,0.0151,0.007,0.002,0.0006,0.0001,17338.48,8052.66,2330.1,677.53,258.36,28617.44,28657.14,39.71,362.7265411,-145.3417182,0,508.0682593,2.58,143.61,1053.78,434.43,1594.55,0.11,0,0,2807.87,12.18,2811.68,12.36,3.99,0,0,49.23,16.95,18.26,44.65,0.34,0,0,1.22,0.03,1.7,18.46,3.4,1289.06,70.68,414.67,0,0,0,539.8,0.06,14.35,2,1,0.15,0.51,0,0,0,0,1745.42,0
SD,organic,high_intensity,17,0,1143.7,1143.7,914.96,0,0,0,0,0,0,0,0,0.0151,0.007,0.002,0.0006,0.0001,17419.51,8022.75,2320.08,674.09,257.5,28657.15,28693.94,36.8,398.3643331,-134.6908897,0,533.0552228,2.59,144.52,1059.69,437.16,1607.03,0.11,0,0,2811.68,12.36,2815.21,12.53,3.69,0,0,49.49,17.05,18.35,44.89,0.35,0,0,1.28,0.03,1.79,18.72,3.39,1289.05,70.8,414.56,0,0,0,539.8,0.06,14.35,2,1,0.15,0.52,0,0,0,0,1756.08,0
SD,organic,high_intensity,18,0,1150.03,1150.03,920.02,0,0,0,0,0,0,0,0,0.0152,0.0069,0.002,0.0006,0.0001,17497.56,7993.16,2310.17,670.7,256.65,28693.94,28728.23,34.29,432.5380938,-125.5040926,0,558.0421864,2.6,145.38,1065.56,439.78,1618.89,0.11,0,0,2815.21,12.53,2818.47,12.69,3.43,0,0,49.75,17.14,18.45,45.12,0.36,0,0,1.34,0.03,1.87,18.96,3.38,1289.05,70.92,414.46,0,0,0,539.8,0.06,14.35,2,1,0.15,0.52,0,0,0,0,1766.38,0
SD,organic,high_intensity,19,0,1156.33,1156.33,925.06,0,0,0,0,0,0,0,0,0.0153,0.0069,0.002,0.0006,0.0001,17573.01,7963.84,2300.35,667.34,255.81,28728.23,28760.35,32.12,465.4674278,-117.5617222,0,583.02915,2.61,146.23,1071.4,442.32,1630.27,0.11,0,0,2818.47,12.69,2821.51,12.85,3.19,0,0,50.01,17.24,18.54,45.36,0.37,0,0,1.4,0.03,1.95,19.18,3.38,1289.05,71.03,414.35,0,0,0,539.8,0.06,14.35,2,1,0.15,0.52,0,0,0,0,1776.45,0
SD,organic,high_intensity,20,0,1162.62,1162.62,930.1,0,0,0,0,0,0,0,0,0.0153,0.0069,0.002,0.0006,0.0001,17646.18,7934.81,2290.63,664.01,254.97,28760.36,28790.61,30.25,497.2987382,-110.7173754,0,608.0161136,2.62,147.05,1077.23,444.82,1641.33,0.11,0,0,2821.51,12.85,2824.35,13,2.98,0,0,50.26,17.33,18.63,45.59,0.38,0,0,1.46,0.03,2.02,19.38,3.37,1289.05,71.14,414.27,0,0,0,539.8,0.06,14.35,2,1,0.15,0.52,0,0,0,0,1786.38,0
SD,organic,high_frequency,1,0,1097.96,1097.96,878.37,0,0,0,0,0,0,0,0,0.0135,0.0074,0.0022,0.0006,0.0002,15480.1,8557.59,2502.61,735.46,265.39,27021.44,27541.15,519.71,-1885.521434,-1902.17941,0,16.65797572,54.72,25.22,993.09,89.18,642.42,0.07,0,0,2677.82,1.21,2693.01,10.23,24.2,0,0,46.65,4.52,22.94,32.52,0.08,0,0,0.04,0.02,0.06,14.7,3.23,1288.89,54.58,516.27,0,0,0,539.8,20.37,14.35,2,1,0.19,0.48,0,0,0,0,705.14,0
SD,organic,high_frequency,2,0,1079.68,1079.68,863.74,0,0,0,0,0,0,0,0,0.0137,0.0074,0.0022,0.0006,0.0002,15733.48,8521.41,2490.41,732.63,270.32,27541.15,27748.26,207.1,-491.4746512,-758.0022626,0,266.5276114,43.76,72.81,981.21,230.63,1121.19,0.1,0,0,2693.01,10.23,2708.28,10.55,15.59,0,0,46.07,9.84,20.36,36.48,0.18,0,0,0.64,0.02,0.93,15.26,3.52,1288.83,60.97,450.25,0,0,0,539.8,0.06,14.35,2,1,0.18,0.5,0,0,0,0,1112.21,0
SD,organic,high_frequency,3,0,984.04,984.04,787.23,0,0,0,0,0,0,0,0,0.0138,0.0074,0.0022,0.0006,0.0002,15867.41,8484.56,2477.13,728.28,270.42,27748.26,27827.8,79.54,-37.08851623,-291.1226459,0,254.0341297,21.52,98.05,902.81,300.48,1243.23,0.09,0,0,2708.28,10.55,2719.9,10.58,11.65,0,0,42.37,12.19,17.94,34.48,0.19,0,0,0.61,0.02,0.88,15.01,3.52,1288.89,57.41,429.29,0,0,0,539.8,0.06,14.35,2,1,0.15,0.51,0,0,0,0,1285.47,0
SD,organic,high_frequency,4,0,984.8,984.8,787.84,0,0,0,0,0,0,0,0,0.0139,0.0073,0.0021,0.0006,0.0002,16015.38,8448.62,2464.21,723.97,269.89,27827.8,27922.07,94.27,-91.00147293,-345.0356026,0,254.0341297,21.85,109.76,903.37,334.29,1274.95,0.09,0,0,2719.9,10.58,2730.23,10.93,10.69,0,0,42.38,13.58,17.8,34.81,0.2,0,0,0.61,0.02,0.87,15.76,3.52,1288.88,57.7,428.71,0,0,0,539.8,0.06,14.35,2,1,0.15,0.51,0,0,0,0,1386.24,0
SD,organic,high_frequency,5,0,989.17,989.17,791.34,0,0,0,0,0,0,0,0,0.014,0.0073,0.0021,0.0006,0.0002,16157.56,8413.44,2451.69,719.71,269.18,27922.06,28011.57,89.51,-27.77006597,-327.6136288,0,299.8435628,22.78,116.67,906.99,354.36,1311.17,0.1,0,0,2730.23,10.93,2739.5,11.26,9.59,0,0,42.54,14.42,17.75,35.19,0.22,0,0,0.72,0.02,1.03,16.46,3.51,1288.88,58.11,427.91,0,0,0,539.8,0.06,14.35,2,1,0.15,0.51,0,0,0,0,1447.41,0
SD,organic,high_frequency,6,0,998.32,998.32,798.65,0,0,0,0,0,0,0,0,0.0142,0.0073,0.0021,0.0006,0.0002,16294.76,8378.97,2439.52,715.56,268.4,28011.58,28097.21,85.64,23.87488332,-313.4491249,0,337.3240082,25.26,121.01,914.32,367.06,1341.92,0.1,0,0,2739.5,11.26,2747.94,11.58,8.77,0,0,42.87,14.99,17.84,35.66,0.23,0,0,0.81,0.02,1.16,17.14,3.5,1288.88,58.65,427.29,0,0,0,539.8,0.06,14.35,2,1,0.15,0.51,0,0,0,0,1488.78,0
SD,organic,high_frequency,7,0,1008.77,1008.77,807.02,0,0,0,0,0,0,0,0,0.0143,0.0073,0.0021,0.0006,0.0002,16425.86,8345.13,2427.68,711.49,267.59,28097.21,28177.75,80.54,80.02172915,-294.7827244,0,374.8044536,28.11,124.04,922.7,376.01,1370.26,0.1,0,0,2747.94,11.58,2755.67,11.88,8.03,0,0,43.24,15.42,17.96,36.16,0.24,0,0,0.9,0.03,1.29,17.78,3.49,1288.87,59.23,426.6,0,0,0,539.8,0.06,14.35,2,1,0.15,0.51,0,0,0,0,1519.55,0
SD,organic,high_frequency,8,0,1019.21,1019.21,815.37,0,0,0,0,0,0,0,0,0.0144,0.0072,0.0021,0.0006,0.0002,16550.38,8311.86,2416.11,707.51,266.78,28177.75,28252.64,74.89,138.1816181,-274.1032808,0,412.2848989,31.03,126.36,931.03,382.9,1396.34,0.1,0,0,2755.67,11.88,2762.76,12.17,7.38,0,0,43.62,15.77,18.08,36.63,0.26,0,0,0.99,0.03,1.42,18.35,3.48,1288.86,59.77,426.02,0,0,0,539.8,0.06,14.35,2,1,0.15,0.51,0,0,0,0,1544.16,0
SD,organic,high_frequency,9,0,1030.71,1030.71,824.57,0,0,0,0,0,0,0,0,0.0145,0.0072,0.0021,0.0006,0.0002,16669.89,8279.14,2404.78,703.62,265.98,28252.63,28323.4,70.77,190.7415871,-259.0237572,0,449.7653443,34.36,128.29,940.15,388.69,1420.64,0.1,0,0,2762.76,12.17,2769.33,12.46,6.85,0,0,44.03,16.09,18.24,37.11,0.27,0,0,1.08,0.03,1.54,18.88,3.47,1288.85,60.31,425.61,0,0,0,539.8,0.06,14.35,2,1,0.15,0.51,0,0,0,0,1565.9,0
SD,organic,high_frequency,10,0,1041.14,1041.14,832.91,0,0,0,0,0,0,0,0,0.0146,0.0072,0.0021,0.0006,0.0002,16783.66,8246.88,2393.69,699.8,265.18,28323.4,28389.21,65.8,246.4126227,-240.833167,0,487.2457897,37.38,130.01,948.43,393.84,1443.74,0.1,0,0,2769.33,12.46,2775.39,12.72,6.33,0,0,44.4,16.36,18.39,37.54,0.28,0,0,1.17,0.03,1.66,19.38,3.46,1288.84,60.77,425.22,0,0,0,539.8,0.06,14.35,2,1,0.15,0.51,0,0,0,0,1585.29,0
SD,organic,high_frequency,11,0,1051.39,1051.39,841.11,0,0,0,0,0,0,0,0,0.0147,0.0071,0.0021,0.0006,0.0002,16892.55,8215.09,2382.79,696.04,264.39,28389.2,28450.86,61.65,294.9179,-225.6438411,0,520.5617411,40.47,131.55,956.5,398.49,1465.26,0.11,0,0,2775.39,12.72,2781.02,12.97,5.88,0,0,44.76,16.63,18.54,37.95,0.29,0,0,1.25,0.03,1.78,19.84,3.45,1288.84,61.2,424.79,0,0,0,539.8,0.06,14.35,2,1,0.15,0.51,0,0,0,0,1603.2,0
SD,organic,high_frequency,12,0,1061.85,1061.85,849.48,0,0,0,0,0,0,0,0,0.0148,0.0071,0.0021,0.0006,0.0002,16997.05,8183.73,2372.06,692.34,263.62,28450.86,28508.8,57.94,341.8127427,-212.0649498,0,553.8776925,43.42,133.01,964.83,402.88,1486.08,0.11,0,0,2781.02,12.97,2786.27,13.21,5.49,0,0,45.14,16.87,18.69,38.36,0.3,0,0,1.33,0.03,1.89,20.25,3.44,1288.83,61.64,424.44,0,0,0,539.8,0.06,14.35,2,1,0.15,0.51,0,0,0,0,1620.39,0
SD,organic,high_frequency,13,0,1071.1,1071.1,856.88,0,0,0,0,0,0,0,0,0.0149,0.0071,0.0021,0.0006,0.0002,17097.21,8152.79,2361.51,688.69,262.85,28508.8,28563.05,54.25,388.6343839,-198.55926,0,587.1936439,46.24,134.38,972.11,407.01,1505.42,0.11,0,0,2786.27,13.21,2791.16,13.44,5.11,0,0,45.46,17.11,18.82,38.73,0.32,0,0,1.41,0.03,2,20.62,3.43,1288.82,62,424.08,0,0,0,539.8,0.06,14.35,2,1,0.15,0.51,0,0,0,0,1636.37,0
SD,organic,high_frequency,14,0,1078.23,1078.23,862.58,0,0,0,0,0,0,0,0,0.0149,0.0071,0.002,0.0006,0.0002,17191.91,8122.21,2351.09,685.1,262.07,28563.05,28612.39,49.34,435.756827,-180.5882744,0,616.3451014,48.46,135.63,977.69,410.74,1523.07,0.11,0,0,2791.16,13.44,2795.69,13.65,4.74,0,0,45.71,17.31,18.92,39.02,0.33,0,0,1.48,0.03,2.1,20.94,3.43,1288.82,62.23,423.91,0,0,0,539.8,0.06,14.35,2,1,0.15,0.51,0,0,0,0,1650.26,0
SD,organic,high_frequency,15,0,1086.69,1086.69,869.36,0,0,0,0,0,0,0,0,0.015,0.007,0.002,0.0006,0.0002,17283.39,8091.99,2340.81,681.57,261.26,28612.39,28659.01,46.63,474.8270973,-170.6694616,0,645.4965589,50.81,136.76,984.45,414.21,1539.48,0.11,0,0,2795.69,13.65,2799.91,13.84,4.42,0,0,46.01,17.5,19.04,39.37,0.34,0,0,1.55,0.03,2.2,21.24,3.42,1288.81,62.55,423.71,0,0,0,539.8,0.06,14.35,2,1,0.15,0.51,0,0,0,0,1663.83,0
SD,organic,high_frequency,16,0,1094.24,1094.24,875.4,0,0,0,0,0,0,0,0,0.0151,0.007,0.002,0.0006,0.0002,17371.45,8062.09,2330.66,678.09,260.44,28659.01,28702.72,43.71,514.6659844,-159.9820323,0,674.6480167,53.06,137.86,990.41,417.53,1555.02,0.11,0,0,2799.91,13.84,2803.85,14.03,4.13,0,0,46.27,17.69,19.14,39.67,0.35,0,0,1.62,0.03,2.29,21.51,3.41,1288.81,62.8,423.54,0,0,0,539.8,0.06,14.35,2,1,0.15,0.51,0,0,0,0,1676.6,0
SD,organic,high_frequency,17,0,1102.71,1102.71,882.16,0,0,0,0,0,0,0,0,0.0152,0.007,0.002,0.0006,0.0002,17457.09,8032.5,2320.63,674.65,259.61,28702.72,28744.49,41.77,546.7535,-152.88148,0,699.63498,55.33,138.91,997.21,420.77,1570.33,0.11,0,0,2803.85,14.03,2807.55,14.21,3.89,0,0,46.58,17.87,19.26,40,0.36,0,0,1.68,0.03,2.38,21.76,3.4,1288.8,63.1,423.34,0,0,0,539.8,0.06,14.35,2,1,0.15,0.51,0,0,0,0,1689.51,0
SD,organic,high_frequency,18,0,1109.57,1109.57,887.66,0,0,0,0,0,0,0,0,0.0152,0.007,0.002,0.0006,0.0001,17539.93,8003.2,2310.72,671.25,258.79,28744.49,28783.9,39.41,584.5427428,-144.2436947,0,728.7864375,57.97,139.95,1002.36,423.88,1584.62,0.11,0,0,2807.55,14.21,2811.03,14.39,3.66,0,0,46.8,18.05,19.36,40.27,0.37,0,0,1.75,0.04,2.46,21.98,3.39,1288.8,63.3,423.08,0,0,0,539.8,0.06,14.35,2,1,0.15,0.51,0,0,0,0,1701.46,0
SD,organic,high_frequency,19,0,1116.03,1116.03,892.83,0,0,0,0,0,0,0,0,0.0153,0.0069,0.002,0.0006,0.0001,17621.32,7974.2,2300.91,667.88,257.98,28783.89,28822.29,38.39,604.9339984,-140.5104146,0,745.444413,62.22,140.9,1006.38,426.76,1597.71,0.11,0,0,2811.03,14.39,2814.33,14.57,3.48,0,0,46.97,18.28,19.45,40.52,0.37,0,0,1.79,0.04,2.53,22.2,3.39,1288.79,63.45,422.86,0,0,0,539.8,0.06,14.35,2,1,0.15,0.51,0,0,0,0,1712.59,0
SD,organic,high_frequency,20,0,1121.97,1121.97,897.58,0,0,0,0,0,0,0,0,0.0154,0.0069,0.002,0.0006,0.0001,17700.35,7945.47,2291.19,664.55,257.16,28822.29,28858.72,36.43,632.9302221,-133.3366607,0,766.2668828,66.1,141.79,1010.08,429.47,1610.87,0.11,0,0,2814.33,14.57,2817.45,14.75,3.29,0,0,47.13,18.48,19.54,40.74,0.38,0,0,1.84,0.04,2.6,22.41,3.38,1288.79,63.57,422.53,0,0,0,539.8,0.06,14.35,2,1,0.15,0.51,0,0,0,0,1722.9,0
SD,organic,high_frequency_high_intensity,1,0,1199,1199,959.2,0,0,0,0,0,0,0,0,0.0134,0.0074,0.0022,0.0006,0.0002,15380.75,8555.15,2502.63,735.68,264.72,27021.44,27438.93,417.49,-1511.388208,-1528.046184,0,16.65797572,2.2,27.58,1111.18,97.49,820.84,0.1,0,0,2677.82,1.21,2694.94,8.24,24.15,0,0,52.19,3.32,22.94,40.09,0.05,0,0,0.04,0.01,0.06,11.33,3.13,1289.25,67.29,489.81,0.39,0,0,539.8,22.18,14.35,2,1,0.19,0.49,0,0,0,0,771.06,0
SD,organic,high_frequency_high_intensity,2,0,1233.39,1233.39,986.71,0,0,0,0,0,0,0,0,0.0136,0.0074,0.0022,0.0006,0.0002,15666.99,8517.63,2490.21,732.71,268.28,27438.93,27675.82,236.89,-833.7200505,-867.0360019,0,33.31595143,2.26,80.84,1143.05,256.07,1245.18,0.12,0,0,2694.94,8.24,2713.17,8.63,18.62,0,0,53.67,9.62,21.09,46.3,0.12,0,0,0.08,0.01,0.12,11.17,3.54,1289.19,77.4,436.49,0,0,0,539.8,0.09,14.35,2,1,0.18,0.52,0,0,0,0,1250.63,0
SD,organic,high_frequency_high_intensity,3,0,1128.82,1128.82,903.06,0,0,0,0,0,0,0,0,0.0138,0.0074,0.0022,0.0006,0.0002,15859.69,8479.95,2476.81,728.19,268.5,27675.82,27813.14,137.32,-465.1215377,-502.6019831,0,37.48044536,2.01,110.77,1046.16,340.16,1361.68,0.11,0,0,2713.17,8.63,2727.71,8.72,14.64,0,0,49.1,13.15,18.72,43.53,0.13,0,0,0.09,0.01,0.13,11.53,3.55,1289.19,72.47,417.84,0,0,0,539.8,0.09,14.35,2,1,0.16,0.52,0,0,0,0,1460.01,0
SD,organic,high_frequency_high_intensity,4,0,1115.45,1115.45,892.36,0,0,0,0,0,0,0,0,0.0139,0.0073,0.0021,0.0006,0.0002,16036.68,8443.1,2463.76,723.66,267.65,27813.14,27934.86,121.71,-403.823218,-445.4681573,0,41.64493928,1.96,124.59,1033.78,379.65,1418.2,0.11,0,0,2727.71,8.72,2740.55,8.89,13.01,0,0,48.5,14.77,18.32,43.37,0.14,0,0,0.1,0.02,0.14,12.56,3.55,1289.19,71.9,414.78,0,0,0,539.8,0.09,14.35,2,1,0.15,0.53,0,0,0,0,1572.46,0
SD,organic,high_frequency_high_intensity,5,0,1123.96,1123.96,899.16,0,0,0,0,0,0,0,0,0.0141,0.0073,0.0021,0.0006,0.0002,16205.65,8406.97,2451.11,719.25,266.56,27934.86,28049.54,114.69,-365.635985,-419.7744061,0,54.13842107,1.97,132.38,1041.67,402.27,1463.47,0.11,0,0,2740.55,8.89,2752.28,9.12,11.96,0,0,48.85,15.69,18.34,43.91,0.15,0,0,0.13,0.02,0.17,13.51,3.55,1289.19,72.5,413.64,0,0,0,539.8,0.09,14.35,2,1,0.15,0.53,0,0,0,0,1643.1,0
SD,organic,high_frequency_high_intensity,6,0,1137.03,1137.03,909.62,0,0,0,0,0,0,0,0,0.0142,0.0073,0.0021,0.0006,0.0002,16366.24,8371.54,2438.81,714.97,265.4,28049.54,28156.96,107.42,-314.0402505,-393.1656352,0,79.12538467,1.98,137.45,1053.79,417.15,1502.86,0.12,0,0,2752.28,9.12,2763.1,9.36,11.06,0,0,49.4,16.28,18.46,44.59,0.16,0,0,0.19,0.02,0.25,14.35,3.54,1289.19,73.33,412.79,0,0,0,539.8,0.09,14.35,2,1,0.15,0.53,0,0,0,0,1692.51,0
SD,organic,high_frequency_high_intensity,7,0,1149.24,1149.24,919.4,0,0,0,0,0,0,0,0,0.0144,0.0072,0.0021,0.0006,0.0002,16517.8,8336.71,2426.85,710.81,264.23,28156.96,28256.4,99.44,-251.5168725,-363.9582086,0,112.4413361,1.99,141.07,1065.12,427.81,1536.46,0.12,0,0,2763.1,9.36,2773.1,9.6,10.23,0,0,49.92,16.7,18.58,45.2,0.18,0,0,0.27,0.02,0.36,15.08,3.54,1289.19,74.03,412.1,0,0,0,539.8,0.09,14.35,2,1,0.15,0.53,0,0,0,0,1729.07,0
SD,organic,high_frequency_high_intensity,8,0,1161.02,1161.02,928.82,0,0,0,0,0,0,0,0,0.0145,0.0072,0.0021,0.0006,0.0002,16661.04,8302.48,2415.16,706.75,263.08,28256.4,28348.52,92.12,-191.4091463,-337.1664338,0,145.7572875,2,143.82,1076.03,435.93,1565.55,0.12,0,0,2773.1,9.6,2782.31,9.84,9.45,0,0,50.41,17.01,18.7,45.77,0.19,0,0,0.35,0.02,0.48,15.73,3.53,1289.19,74.69,411.41,0,0,0,539.8,0.09,14.35,2,1,0.15,0.53,0,0,0,0,1757.91,0
SD,organic,high_frequency_high_intensity,9,0,1174.68,1174.68,939.75,0,0,0,0,0,0,0,0,0.0146,0.0072,0.0021,0.0006,0.0002,16797.72,8268.8,2403.74,702.79,261.93,28348.52,28434.98,86.46,-141.5416443,-316.4503893,0,174.908745,2.01,146.08,1088.7,442.71,1592.93,0.12,0,0,2782.31,9.84,2790.88,10.07,8.79,0,0,50.99,17.27,18.85,46.41,0.2,0,0,0.42,0.02,0.58,16.33,3.52,1289.19,75.43,410.79,0,0,0,539.8,0.09,14.35,2,1,0.16,0.53,0,0,0,0,1783.52,0
SD,organic,high_frequency_high_intensity,10,0,1185.72,1185.72,948.58,0,0,0,0,0,0,0,0,0.0147,0.0072,0.0021,0.0006,0.0002,16927.22,8235.6,2392.53,698.92,260.8,28434.98,28515.07,80.09,-84.91099265,-293.1356891,0,208.2246964,2.02,148.07,1098.94,448.64,1617.44,0.12,0,0,2790.88,10.07,2798.82,10.28,8.16,0,0,51.45,17.5,18.97,46.93,0.21,0,0,0.5,0.02,0.68,16.88,3.51,1289.19,75.98,410.23,0,0,0,539.8,0.09,14.35,2,1,0.16,0.53,0,0,0,0,1805.54,0
SD,organic,high_frequency_high_intensity,11,0,1196.93,1196.93,957.54,0,0,0,0,0,0,0,0,0.0148,0.0071,0.0021,0.0006,0.0002,17050.73,8202.89,2381.53,695.12,259.7,28515.07,28589.97,74.9,-36.76372755,-274.1398815,0,237.3761539,2.03,149.82,1109.33,453.89,1640.07,0.13,0,0,2798.82,10.28,2806.21,10.49,7.59,0,0,51.92,17.7,19.1,47.45,0.22,0,0,0.57,0.02,0.78,17.38,3.5,1289.18,76.52,409.81,0,0,0,539.8,0.09,14.35,2,1,0.16,0.53,0,0,0,0,1825.59,0
SD,organic,high_frequency_high_intensity,12,0,1205.99,1205.99,964.79,0,0,0,0,0,0,0,0,0.0149,0.0071,0.0021,0.0006,0.0001,17167.89,8170.63,2370.72,691.39,258.61,28589.96,28659.23,69.27,17.15846593,-253.5336394,0,270.6921053,2.04,151.38,1117.73,458.57,1660.31,0.13,0,0,2806.21,10.49,2813.04,10.68,7.03,0,0,52.29,17.88,19.2,47.88,0.24,0,0,0.65,0.02,0.89,17.82,3.5,1289.18,76.92,409.4,0,0,0,539.8,0.09,14.35,2,1,0.16,0.53,0,0,0,0,1843.11,0
SD,organic,high_frequency_high_intensity,13,0,1215,1215,972,0,0,0,0,0,0,0,0,0.015,0.0071,0.0021,0.0006,0.0001,17279.7,8138.78,2360.08,687.72,257.53,28659.23,28723.8,64.57,59.34779855,-236.3312704,0,295.6790689,2.05,152.77,1126.09,462.75,1678.98,0.13,0,0,2813.04,10.68,2819.4,10.86,6.53,0,0,52.67,18.03,19.29,48.3,0.25,0,0,0.71,0.03,0.98,18.21,3.49,1289.18,77.31,409.01,0,0,0,539.8,0.09,14.35,2,1,0.16,0.53,0,0,0,0,1859.13,0
SD,organic,high_frequency_high_intensity,14,0,1223.1,1223.1,978.48,0,0,0,0,0,0,0,0,0.0151,0.007,0.002,0.0006,0.0001,17386.31,8107.33,2349.58,684.1,256.47,28723.8,28783.79,59.99,101.0979218,-219.5681107,0,320.6660325,2.06,154.05,1133.6,466.56,1696.1,0.13,0,0,2819.4,10.86,2825.31,11.04,6.09,0,0,53,18.18,19.38,48.67,0.26,0,0,0.77,0.03,1.06,18.59,3.48,1289.18,77.61,408.67,0,0,0,539.8,0.09,14.35,2,1,0.16,0.53,0,0,0,0,1873.68,0
SD,organic,high_frequency_high_intensity,15,0,1231.14,1231.14,984.91,0,0,0,0,0,0,0,0,0.0152,0.007,0.002,0.0006,0.0001,17488.59,8076.25,2339.22,680.54,255.38,28783.8,28839.98,56.19,139.9931838,-205.6598123,0,345.6529961,2.07,155.22,1141.05,470.08,1712.04,0.13,0,0,2825.31,11.04,2830.82,11.2,5.67,0,0,53.33,18.31,19.47,49.03,0.27,0,0,0.83,0.03,1.14,18.93,3.47,1289.18,77.9,408.36,0,0,0,539.8,0.09,14.35,2,1,0.16,0.53,0,0,0,0,1887.34,0
SD,organic,high_frequency_high_intensity,16,0,1239.34,1239.34,991.47,0,0,0,0,0,0,0,0,0.0153,0.007,0.002,0.0006,0.0001,17587.01,8045.52,2329,677.02,254.31,28839.99,28892.87,52.88,177.0950073,-193.5449524,0,370.6399597,2.13,156.33,1148.63,473.45,1727.5,0.13,0,0,2830.82,11.2,2835.99,11.35,5.31,0,0,53.67,18.43,19.57,49.39,0.28,0,0,0.89,0.03,1.22,19.24,3.46,1289.18,78.18,408.12,0,0,0,539.8,0.09,14.35,2,1,0.16,0.53,0,0,0,0,1900.59,0
SD,organic,high_frequency_high_intensity,17,0,1247.86,1247.86,998.29,0,0,0,0,0,0,0,0,0.0154,0.007,0.002,0.0006,0.0001,17682.13,8015.11,2318.91,673.55,253.24,28892.87,28942.94,50.07,212.3667914,-183.2601318,0,395.6269232,2.15,157.42,1156.52,476.79,1742.65,0.13,0,0,2835.99,11.35,2840.84,11.49,5,0,0,54.02,18.55,19.67,49.75,0.29,0,0,0.95,0.03,1.29,19.52,3.45,1289.18,78.47,407.93,0,0,0,539.8,0.09,14.35,2,1,0.16,0.53,0,0,0,0,1913.82,0
SD,organic,high_frequency_high_intensity,18,0,1254.3,1254.3,1003.44,0,0,0,0,0,0,0,0,0.0155,0.0069,0.002,0.0006,0.0001,17773.44,7985.02,2308.93,670.12,252.2,28942.94,28989.71,46.77,245.2675202,-171.1818726,0,416.4493928,2.16,158.47,1162.48,479.92,1756.11,0.13,0,0,2840.84,11.49,2845.39,11.63,4.69,0,0,54.28,18.67,19.75,50.03,0.3,0,0,1,0.03,1.37,19.78,3.45,1289.18,78.63,407.67,0,0,0,539.8,0.09,14.35,2,1,0.16,0.53,0,0,0,0,1925.67,0
SD,organic,high_frequency_high_intensity,19,0,1261.82,1261.82,1009.45,0,0,0,0,0,0,0,0,0.0155,0.0069,0.002,0.0006,0.0001,17861.97,7955.23,2299.05,666.72,251.16,28989.71,29034.13,44.42,278.8556683,-162.5806881,0,441.4363564,2.17,159.44,1169.45,482.88,1769.33,0.13,0,0,2845.39,11.63,2849.69,11.76,4.42,0,0,54.58,18.78,19.84,50.34,0.31,0,0,1.06,0.03,1.44,20.01,3.44,1289.18,78.84,407.51,0,0,0,539.8,0.09,14.35,2,1,0.16,0.53,0,0,0,0,1937.44,0
SD,organic,high_frequency_high_intensity,20,0,1269.22,1269.22,1015.37,0,0,0,0,0,0,0,0,0.0156,0.0069,0.002,0.0006,0.0001,17948.01,7925.72,2289.27,663.37,250.12,29034.12,29076.49,42.36,307.2178998,-155.0409263,0,462.2588261,2.18,160.41,1176.31,485.82,1782.21,0.13,0,0,2849.69,11.76,2853.77,11.88,4.2,0,0,54.89,18.88,19.94,50.64,0.31,0,0,1.11,0.03,1.5,20.23,3.43,1289.18,79.03,407.27,0,0,0,539.8,0.09,14.35,2,1,0.16,0.53,0,0,0,0,1949.07,0
SD,regen,high_frequency_high_intensity,1,0,912.06,912.06,729.65,113.77,239.12,239.12,398.53,0,92.87,92.87,100.94,0.0152,0.0075,0.0022,0.0006,0.0002,17485.14,8625.24,2521.59,747.02,281.54,27021.44,29660.53,2639.09,-8489.053841,-9659.276635,0,1170.222794,2.38,217.11,4319.13,470.03,2369.49,0.09,0,0,2677.82,1.21,2786.32,11.12,118.41,0,0,210,4.69,45.97,63.28,0.3,0,0,2.81,0.05,4.01,46.33,2.92,1289.16,288.08,269.02,0,0,0,539.8,0.08,14.35,2,1,0.12,0.59,0,0,0,0,3139.91,0
SD,regen,high_frequency_high_intensity,2,0,799.33,799.33,639.46,117.86,303.43,303.43,505.71,0,100.08,100.08,108.78,0.0163,0.0075,0.0022,0.0006,0.0002,18776.05,8577.27,2514.21,747.54,286.31,29660.53,30901.38,1240.86,-4004.425322,-4541.645039,0,537.2197168,1.61,58.02,4015.93,1111.74,3946.36,0.12,0,0,2786.32,11.12,2898.97,14.36,115.89,0,0,223.51,6.91,30.31,66.66,0.41,0,0,1.29,0.06,1.63,55.83,2.99,1289.12,243.81,236.85,0,0,0,539.8,0.08,14.35,2,1,0.1,0.59,0,0,0,0,4914.64,0
SD,regen,high_frequency_high_intensity,3,0,816.71,816.71,653.37,118.87,314.67,314.67,524.45,0,117.67,117.67,127.9,0.0173,0.0074,0.0022,0.0006,0.0002,19908.01,8530.63,2506.82,747.55,289.97,30901.38,31982.98,1081.6,-3068.285899,-3958.740933,-0.746666667,891.2017005,1.96,76.98,4035.07,1625.45,4657.78,0.13,0,-0.02,2898.97,14.36,3003.46,17.24,107.36,0,0,221.44,9.15,30.66,69.76,0.54,0,0,2.14,0.07,2.73,57.66,3.01,1289.11,247.21,234.41,0,0,0,539.8,0.08,14.35,2,1,0.1,0.59,0,0,0,0,6633.87,0
SD,regen,high_frequency_high_intensity,4,0,819.56,819.56,655.65,119.47,342.15,342.15,570.26,0,160.64,160.64,174.61,0.0183,0.0074,0.0022,0.0006,0.0002,21079.09,8485.07,2499.07,747.23,292.98,31982.98,33103.43,1120.45,-2150.027332,-4100.934984,-2.24,1953.147653,2.59,88.53,4382.04,2129.05,5481.68,0.14,0,-0.06,3003.46,17.24,3106.8,19.53,105.64,0,0,233.69,10.53,27.76,75.07,0.91,0,0,4.69,0.09,6.28,60.23,3.03,1289.1,251.13,230.12,0,0,0,539.8,0.08,14.35,2,1,0.1,0.59,0,0,0,0,8246.68,0
SD,regen,high_frequency_high_intensity,5,0,825.01,825.01,660.01,120.06,339.59,339.59,565.98,0,144.54,144.54,157.11,0.0191,0.0073,0.0022,0.0006,0.0002,21985.12,8441.88,2491.46,746.57,295.35,33103.43,33960.38,856.95,-1577.805736,-3136.504292,-2.986666667,1561.685223,2.52,95.43,4065.89,2615.51,5922.36,0.14,0,-0.08,3106.8,19.53,3195.86,21.97,91.5,0,0,216.38,11.34,29.25,74.03,0.75,0,0,3.75,0.09,4.7,60.32,3.01,1289.1,250.68,231.62,0,0,0,539.8,0.08,14.35,2,1,0.1,0.59,0,0,0,0,9863.31,0
SD,regen,high_frequency_high_intensity,6,0,823.8,823.8,659.04,120.65,345.55,345.55,575.91,0,159.72,159.72,173.61,0.0199,0.0073,0.0022,0.0006,0.0002,22853.34,8400.41,2483.88,745.73,297.35,33960.38,34780.71,820.33,-1115.525307,-3002.472217,-3.733333333,1890.680243,2.68,99.56,4073.79,3098.11,6453.8,0.15,0,-0.1,3195.86,21.97,3277.49,23.72,83.37,0,0,212.9,11.82,27.79,75.46,0.84,0,0,4.54,0.1,5.64,61.29,3,1289.1,250.82,231.15,0,0,0,539.8,0.08,14.35,2,1,0.1,0.6,0,0,0,0,11415.72,0
SD,regen,high_frequency_high_intensity,7,0,837.42,837.42,669.93,121.24,356.17,356.17,593.61,0,168.85,168.85,183.53,0.0206,0.0073,0.0022,0.0006,0.0002,23680.53,8360.44,2476.39,744.79,299.12,34780.71,35561.27,780.56,-679.1960757,-2856.910894,-4.48,2182.194818,3.19,102.22,4088.89,3582.22,6995.9,0.15,0,-0.12,3277.49,23.72,3355.22,26.2,80.21,0,0,215.7,12.15,29.33,77.98,0.94,0,0,5.24,0.11,6.37,63.75,3,1289.09,250.83,231.25,0,0,0,539.8,0.08,14.35,2,1,0.1,0.6,0,0,0,0,13060.77,0
SD,regen,high_frequency_high_intensity,8,0,865.29,865.29,692.23,121.82,389.39,389.39,648.98,0,192.28,192.28,209,0.0214,0.0072,0.0021,0.0006,0.0002,24626.09,8321.05,2468.84,743.88,300.85,35561.27,36460.71,899.44,-19.79097369,-3292.021029,-5.226666667,3277.456722,4.6,104.83,4447,4096.38,7753.35,0.16,0,-0.14,3355.22,26.2,3437.75,28.38,84.71,0,0,236.51,12.49,28.95,83.92,1.29,0,0,7.87,0.13,9.83,68.85,3.01,1289.08,253.23,228.44,0,0,0,539.8,0.08,14.35,2,1,0.1,0.6,0,0,0,0,14768.87,0
SD,regen,high_frequency_high_intensity,9,0,859.36,859.36,687.49,122.41,379.1,379.1,631.84,0,179.65,179.65,195.28,0.022,0.0072,0.0021,0.0006,0.0002,25322.28,8283.4,2461.55,742.82,302.29,36460.71,37112.34,651.63,503.7063113,-2385.016969,-5.6,2894.32328,4.03,107.05,4117.94,4611.22,8188.6,0.16,0,-0.15,3437.75,28.38,3506.08,29.4,69.35,0,0,215.03,12.73,28.84,81.84,1.09,0,0,6.95,0.13,8.2,66.4,2.98,1289.08,252.52,229.72,0,0,0,539.8,0.08,14.35,2,1,0.1,0.6,0,0,0,0,16424.53,0
SD,regen,high_frequency_high_intensity,10,0,870.14,870.14,696.11,122.99,379.91,379.91,633.18,0,188.66,188.66,205.07,0.0226,0.0072,0.0021,0.0006,0.0002,26006.96,8246.86,2454.31,741.68,303.56,37112.34,37753.37,641.03,775.3414699,-2346.220137,-5.973333333,3127.53494,4.27,108.4,4121.53,5119.51,8712.64,0.16,0,-0.16,3506.08,29.4,3570.39,30.79,65.7,0,0,214.76,12.89,28.95,83.08,1.13,0,0,7.51,0.13,8.67,67.6,2.97,1289.08,252.45,229.44,0,0,0,539.8,0.08,14.35,2,1,0.1,0.6,0,0,0,0,18092.72,0
SD,regen,high_frequency_high_intensity,11,0,869.6,869.6,695.68,123.56,391.22,391.22,652.03,0,191.81,191.81,208.48,0.0232,0.0071,0.0021,0.0006,0.0002,26671.26,8211.25,2447.17,740.52,304.73,37753.38,38374.93,621.55,1121.123066,-2274.921807,-6.346666667,3402.39154,4.62,109.5,4135.45,5633.1,9261.12,0.17,0,-0.17,3570.39,30.79,3631.29,31.9,62.01,0,0,214.47,13.02,28.6,84.13,1.16,0,0,8.17,0.14,9.25,68.57,2.96,1289.08,252.54,229.1,0,0,0,539.8,0.08,14.35,2,1,0.1,0.6,0,0,0,0,19761.59,0
SD,regen,high_frequency_high_intensity,12,0,902.72,902.72,722.18,124.14,421.1,421.1,701.84,0,212.86,212.86,231.37,0.0239,0.0071,0.0021,0.0006,0.0002,27477.71,8175.58,2439.91,739.4,305.92,38374.93,39138.52,763.6,1634.003406,-2794.835962,-6.346666667,4435.186034,6.88,110.89,4495.3,6169.3,10018.75,0.17,0,-0.17,3631.29,31.9,3700.33,34.13,71.28,0,0,239.13,13.25,30.41,90.27,1.44,0,0,10.65,0.15,12.24,73.96,2.98,1289.06,254.82,226.61,0,0,0,539.8,0.08,14.35,2,1,0.1,0.6,0,0,0,0,21596.39,0
SD,regen,high_frequency_high_intensity,13,0,883.22,883.22,706.58,124.71,405.54,405.54,675.9,0,206.79,206.79,224.77,0.0244,0.0071,0.0021,0.0006,0.0002,28041.2,8141.77,2432.94,738.18,306.91,39138.52,39661,522.48,2141.343752,-1912.317828,-6.72,4060.38158,5.68,112.25,4157.96,6719.1,10472.54,0.17,0,-0.18,3700.33,34.13,3755.96,34.13,55.62,0,0,215.75,13.37,29.47,86.99,1.21,0,0,9.75,0.15,10.59,70.84,2.94,1289.07,253.17,227.88,0,0,0,539.8,0.08,14.35,2,1,0.1,0.6,0,0,0,0,23333.81,0
SD,regen,high_frequency_high_intensity,14,0,887.33,887.33,709.87,125.23,408.9,408.9,681.5,0,208.16,208.16,226.26,0.0249,0.007,0.0021,0.0006,0.0002,28610.54,8108.37,2426.01,736.93,307.82,39661.01,40189.68,528.68,2276.902035,-1935.010315,-6.72,4218.63235,5.78,112.54,4162.17,7252.54,11004.42,0.17,0,-0.18,3755.96,34.13,3808.51,34.79,53.21,0,0,214.83,13.4,28.96,87.45,1.19,0,0,10.13,0.15,10.71,71.27,2.93,1289.07,252.88,227.78,0,0,0,539.8,0.08,14.35,2,1,0.1,0.6,0,0,0,0,25053.91,0
SD,regen,high_frequency_high_intensity,15,0,889.15,889.15,711.32,125.76,414.9,414.9,691.5,0,213.71,213.71,232.3,0.0254,0.007,0.0021,0.0006,0.0002,29170.66,8075.5,2419.13,735.67,308.67,40189.68,40709.64,519.96,2546.194073,-1903.09443,-6.72,4456.008503,6.26,112.88,4172.2,7788.99,11560.34,0.17,0,-0.18,3808.5,34.79,3859.47,35.72,51.89,0,0,216.11,13.45,29.66,88.52,1.19,0,0,10.7,0.16,11.02,72.15,2.92,1289.06,253.08,227.61,0,0,0,539.8,0.08,14.35,2,1,0.1,0.6,0,0,0,0,26822.86,0
SD,regen,high_frequency_high_intensity,16,0,907.22,907.22,725.78,126.41,431.13,431.13,718.55,0,235.06,235.06,255.5,0.026,0.007,0.0021,0.0006,0.0002,29872.14,8041.91,2412.1,734.42,309.49,40709.64,41370.07,660.43,3094.008795,-2417.22566,-6.72,5517.954455,7.78,113.55,4514.76,8344.89,12320.56,0.18,0,-0.18,3859.47,35.72,3918.61,38.27,61.7,0,0,238.44,13.56,29.93,92.71,1.39,0,0,13.25,0.17,13.93,76.06,2.93,1289.05,256,225.22,0,0,0,539.8,0.08,14.35,2,1,0.1,0.6,0,0,0,0,28664.93,0
SD,regen,high_frequency_high_intensity,17,0,907.89,907.89,726.31,126.97,429.22,429.22,715.37,0,229.38,229.38,249.33,0.0264,0.007,0.0021,0.0006,0.0002,30367.93,8010.2,2405.39,733.14,310.24,41370.07,41826.9,456.83,3372.404129,-1672.033673,-7.093333333,5051.531135,7.67,114.5,4198.12,8910.35,12773.83,0.17,0,-0.19,3918.61,38.27,3966.55,37.02,46.68,0,0,217.78,13.67,30.27,92.09,1.17,0,0,12.13,0.17,11.91,73.42,2.9,1289.06,254.41,226.96,0,0,0,539.8,0.08,14.35,2,1,0.1,0.6,0,0,0,0,30507.45,0
SD,regen,high_frequency_high_intensity,18,0,908.84,908.84,727.07,127.53,421.68,421.68,702.8,0,222.64,222.64,241.99,0.0268,0.0069,0.0021,0.0006,0.0002,30860.89,7978.64,2398.66,731.82,310.9,41826.89,42280.91,454.02,3574.25567,-1661.748852,-7.093333333,5243.097856,7.14,115.09,4186.58,9471.67,13326.49,0.17,0,-0.19,3966.55,37.02,4012.13,37.34,45.9,0,0,216.43,13.71,30.04,90.97,1.13,0,0,12.59,0.17,12.03,73.38,2.89,1289.06,254.36,226.76,0,0,0,539.8,0.08,14.35,2,1,0.1,0.6,0,0,0,0,32314.58,0
SD,regen,high_frequency_high_intensity,19,0,920.09,920.09,736.07,128.08,425.81,425.81,709.69,0,221.09,221.09,240.32,0.0273,0.0069,0.0021,0.0006,0.0002,31356.73,7947.4,2391.97,730.5,311.52,42280.91,42738.12,457.21,3787.462692,-1673.424503,-7.093333333,5467.980528,7.53,115.73,4192.82,10030.23,13889.1,0.17,0,-0.19,4012.13,37.34,4056.65,37.74,44.92,0,0,216.98,13.79,30.4,91.73,1.1,0,0,13.13,0.17,12.22,73.69,2.88,1289.05,254.09,226.62,0,0,0,539.8,0.08,14.35,2,1,0.1,0.6,0,0,0,0,34142.79,0
SD,regen,high_frequency_high_intensity,20,0,915.73,915.73,732.59,128.64,443.37,443.37,738.95,0,230.16,230.16,250.18,0.0278,0.0069,0.0021,0.0006,0.0002,32016.02,7915.5,2385.11,729.19,312.14,42738.13,43357.97,619.84,4308.681828,-2268.663073,-6.72,6584.064901,8.89,116.34,4536.1,10608.84,14650.35,0.18,0,-0.18,4056.65,37.74,4111.8,43.06,60.47,0,0,242.68,13.9,32.05,93.62,1.22,0,0,15.81,0.19,14.96,78.03,2.9,1289.05,256.96,223.92,0,0,0,539.8,0.08,14.35,2,1,0.09,0.6,0,0,0,0,36081.92,0